ciudad,segmento,nivel_educativo,edad,ingresos,gasto_mensual,puntuacion_credito,ahorro
Barranquilla,A,Universitario,19.0,2192.3644005452716,1164.6388604127005,455.9977618194683,959.6464868254203
Cali,C,Universitario,52.0,4197.106951165678,,630.4009308184748,2371.1789823338913
Bogotá,B,Secundaria,38.0,4509.355625429191,2394.537584439579,592.4381458334682,2098.9697933601506
Bogotá,A,Posgrado,57.0,4565.385615362238,2114.4945865413974,571.8280052475706,2493.9557544937393
Medellín,B,Secundaria,67.0,4833.627232206443,2573.5457434009236,787.2417698984807,2377.8832594297146
Bogotá,A,Universitario,46.0,3336.3307548680837,1798.5846618281062,616.2467185306385,1363.8217369374984
Bogotá,B,Secundaria,60.0,4615.01863028573,1825.1488532551614,561.6275234626075,2768.4262189707697
Medellín,A,Técnico,59.0,4091.7022598529697,1749.490903024388,746.02571049289,2186.7527286599484
Barranquilla,C,,55.0,2569.366527776855,,594.1088892969517,1256.0672600068149
Cali,B,Secundaria,53.0,4133.395870799023,2108.9196696621843,638.5333216330644,1983.813223928776
Barranquilla,B,Técnico,34.0,3159.836042247178,1676.9922350673505,688.1774941468909,1725.5552121922854
Barranquilla,C,Técnico,42.0,3036.8090998507937,1590.4644132214703,585.7445972706137,1489.4118242226664
Bogotá,C,Secundaria,29.0,2347.655769321875,1149.184225446388,551.1536534985755,1268.1693083683385
Cali,B,Secundaria,45.0,4454.325868993687,2075.914543983061,700.279913808629,2372.6131121899534
Bogotá,B,Universitario,38.0,4090.0886885362365,1907.8963100926583,586.798233790529,2040.171345481409
Bogotá,B,Posgrado,30.0,3571.250931920317,1599.3277649656156,647.6016284827142,2165.5429726697953
Barranquilla,B,Secundaria,20.0,,887.410364560481,642.9060730521635,1566.515834895579
Cartagena,C,Universitario,44.0,2871.7766726913337,1296.006965848918,557.5764760459249,1457.6085187273275
Bogotá,B,Técnico,42.0,3148.4164725624787,1756.9579154981259,542.4989020545112,1415.0058615709804
Cartagena,B,Técnico,24.0,2008.8875087520335,,640.4956260884753,1006.7092109299558
Cartagena,A,Secundaria,37.0,4341.371450616135,2791.50245250043,615.1713148449824,1724.3776574294423
Medellín,B,Secundaria,26.0,3262.297610780135,,541.2260288224056,1414.8783871772694
Barranquilla,,Técnico,40.0,2523.818998771936,,496.6471264220735,1243.0676413752858
Cali,A,Técnico,32.0,3261.505927684669,1182.949995744863,603.5910539171201,1967.0201970822825
Bogotá,A,Posgrado,55.0,4195.313280838802,1952.4649794011807,552.4036036770011,2396.9098163426083
Barranquilla,,,45.0,3029.172432407373,1608.766538629014,588.2749887295793,1274.2475940900454
Bogotá,A,Secundaria,29.0,1876.564841427609,1152.7037251255379,,884.8513262500527
Cali,B,Universitario,36.0,3069.243394983274,2003.522076780563,562.4934711354888,1022.2698925460893
Medellín,,Universitario,21.0,1854.157280517678,,546.445587370903,678.4082850057782
Bogotá,B,Universitario,53.0,4873.636912946659,2467.907194043779,639.3279605330279,
Barranquilla,B,Técnico,64.0,3807.380303186003,1986.5125398009573,630.7048467869986,1919.9835043145185
Bogotá,B,Universitario,42.0,4068.3857768062785,2540.2835769158546,499.76453466904866,1726.568103192974
Medellín,,Universitario,41.0,1444.5879973643932,667.6146423850766,,728.945821650456
Bogotá,A,Universitario,40.0,2131.9108705151334,989.5448108520313,538.2525895338761,1213.1809473072963
Bogotá,C,Universitario,58.0,3867.618185943367,1768.1541148922,,
Barranquilla,A,,50.0,3984.5844400010646,1663.6445529819603,624.6642140914189,2456.563336548883
Medellín,B,,37.0,3466.257602073271,,539.2799400379829,1881.9547374996655
Cali,B,Universitario,45.0,4055.083862512799,1570.0369674711092,595.3326670241826,2518.6225998509176
Cali,A,Técnico,33.0,3063.255931560233,1823.7588086202318,668.5733533170555,1265.7750079423802
Medellín,B,Posgrado,37.0,3917.7946107267844,2151.4374467349517,615.5372674179846,1938.9593941502314
Bogotá,B,Universitario,49.0,3773.166951781732,1676.9892039595081,580.0975399411979,2252.4601108289908
Cartagena,A,Secundaria,69.0,4538.590165582996,2021.2353250203028,547.8088517451008,2582.1555963919
Barranquilla,C,Universitario,28.0,3431.5765474731443,1447.2905432412354,580.7556302570173,2176.8339643039367
Barranquilla,C,Técnico,32.0,,804.4066491069696,504.8072044178568,1410.6560650640424
Cartagena,B,Secundaria,21.0,,1140.4318613258529,486.5108995829328,1892.751509054497
Bogotá,A,Técnico,42.0,2856.7937204290847,,716.6378916823817,1774.6691410558597
Barranquilla,B,Secundaria,26.0,,1010.5598627142579,530.2244360282078,1811.5624329773623
Bogotá,A,Universitario,62.0,5505.303664826525,3123.779000100758,627.1951352448073,2587.1481503149757
Medellín,A,Técnico,52.0,4340.648397079136,1656.4939825455044,696.7445398534812,2746.004780981134
Cali,B,Técnico,56.0,2899.1467190773965,1677.2602819971273,703.3291828493334,1343.8132478551956
Barranquilla,A,Técnico,58.0,3523.228005164449,1561.5084175589718,646.3741158250056,2016.1348717875028
Medellín,B,Técnico,47.0,3029.6251438051713,1578.156656179638,653.8041130393831,1795.0318251841964
Medellín,B,Universitario,64.0,3803.7616655658544,1868.9637370001415,674.1508983669663,
Bogotá,B,Secundaria,66.0,4127.078963588631,,644.3995320713037,2174.5941460545555
Bogotá,B,Técnico,63.0,3911.582147052696,2410.3403620790523,709.3035586834867,1513.5841351637296
Cartagena,A,Técnico,53.0,5298.907173047847,2261.5945313057896,676.5002737447699,3362.57943967546
Barranquilla,C,Secundaria,23.0,,414.1936645443558,637.1685792136882,2102.815421230502
Cali,B,Universitario,33.0,2661.9316955600907,1557.9469598954065,569.6227236283811,864.309712629693
Cartagena,A,Posgrado,65.0,4133.644037587915,2271.1395715761614,,1777.6586384026753
Bogotá,A,Secundaria,40.0,3944.2136571874607,1953.1566275599505,695.6162246839086,1923.839000867679
Cali,B,Técnico,47.0,3809.003872794829,2094.905259760195,619.6701269444031,2091.7276390930083
Cali,B,Técnico,39.0,4208.742495643631,2260.293919596149,,2029.3098182737467
Bogotá,C,Secundaria,63.0,,,515.7256800913675,1661.7682051648455
Bogotá,C,,26.0,,1313.5088990082993,562.9761373808176,786.8950030594477
Barranquilla,A,Secundaria,35.0,4025.4067641245274,2215.1365795799647,549.9588439108667,2018.9026775145076
Medellín,,Secundaria,55.0,3719.7949651845283,1188.522533552209,491.2263087203591,2546.4526843666963
Bogotá,B,Secundaria,62.0,4392.604163413645,2149.472417567223,526.4870542350845,2153.8748499189246
Cali,B,Secundaria,54.0,3926.287533338827,1737.6795189847871,516.1792625261963,2457.402957083339
Bogotá,B,Técnico,20.0,2175.326507030354,811.2374999005399,711.6937474530365,1564.5423238763367
Barranquilla,A,Secundaria,37.0,,969.2729984372489,451.3591864034258,1227.8695534534952
Cartagena,B,Universitario,42.0,3829.697763705599,1830.9372067755487,528.9771744001431,2055.660184747173
Medellín,C,Técnico,33.0,3636.816780444785,1815.7959521187297,636.5880510395751,1791.2883147257512
Bogotá,B,Secundaria,21.0,2484.0205405836473,763.9329415549246,683.597899906768,1703.6552267607262
Bogotá,C,Secundaria,38.0,4186.697310516079,1680.9562580653203,480.3762651852504,2517.73551443113
Bogotá,C,Secundaria,40.0,3333.7672560279884,,551.9982501828958,1922.8658050062459
Cali,A,Técnico,68.0,5559.078899451424,2728.104898649384,684.1898251800912,3064.242307197485
Barranquilla,,Secundaria,49.0,3832.6988175575216,,556.6834673882049,
Barranquilla,B,Secundaria,65.0,,2145.9477441254226,552.3773920620652,2685.1090344874665
Medellín,A,Secundaria,35.0,,2413.288927519595,648.1169118139385,1305.2275068805889
Barranquilla,C,Técnico,25.0,2865.8932157339655,1893.615433917179,623.2264968846721,1216.1264754824717
Medellín,B,Universitario,21.0,,1619.8064102477979,632.0416422005375,1393.2300639929374
Cali,B,Técnico,46.0,4453.292980008536,2474.0255758530247,614.013048772691,2095.710977470376
Cartagena,,Universitario,53.0,4199.281857843868,1585.0430739973747,518.5758778819727,2658.4285957965985
Medellín,C,Secundaria,51.0,3080.7227352017103,1744.3612691746198,523.172326181313,1209.1765444571365
Cartagena,A,Secundaria,45.0,3636.509732734118,2235.084935040213,551.7842431729653,1312.777818237556
Bogotá,B,Secundaria,64.0,4501.767423774872,2052.3960824798855,423.4667890325944,2118.359601530925
Medellín,C,Secundaria,66.0,5393.33275709828,3283.821349382432,515.0785144198247,2000.8075094464948
Medellín,B,Secundaria,27.0,,1851.304974014539,499.3267090644007,670.367978701583
Bogotá,C,Secundaria,55.0,,2289.6578148819067,608.0284244965516,2443.631086808036
Bogotá,B,Posgrado,60.0,3790.9799743938393,1956.601223875166,571.1293962734004,
Medellín,,Universitario,31.0,2306.279462499843,861.6382214408773,478.38643879193353,1600.306552079897
Medellín,C,Secundaria,43.0,4417.683397198393,2189.4411433930786,661.0590037834763,2302.0664148212372
Barranquilla,A,Secundaria,29.0,,2225.3972439442764,718.958474225233,1457.1078954085513
Medellín,A,Universitario,22.0,,1397.4222202810843,484.7148026816092,971.3673611961661
Cali,,Secundaria,61.0,3862.0701955597856,1813.3286429124764,462.5684002753012,2265.085754098622
Cali,B,Técnico,66.0,4932.581457184638,2176.6932604952444,550.6212641689436,2625.7324552583937
Barranquilla,,,24.0,2098.8179028180352,211.56389099132946,,2012.7070787307423
Cartagena,,Universitario,37.0,3673.615235522815,1617.063728026361,577.4383635995373,1975.7987711641804
Cali,B,Técnico,24.0,3157.4574165061645,1568.5953385208982,635.7069617055802,1511.6381904871903
Cartagena,B,,41.0,,2350.135739174724,598.6373843899659,2385.260534024823
Medellín,A,Posgrado,52.0,3674.5363632085614,1886.2769874320825,633.0698091515397,1853.7099489909235
Medellín,B,Universitario,69.0,5230.767717797785,3268.751005841942,705.8069135895352,1916.9381214173352
Barranquilla,B,Universitario,40.0,3547.171663802283,1615.4641971120668,575.8695923913986,1967.401076473771
Medellín,B,Universitario,48.0,3297.632874974833,1684.8989086214108,606.0153302288116,1707.2520718525464
Medellín,B,,42.0,4558.9871660645995,2498.5879492822874,692.0579014417373,2005.7477914101505
Bogotá,B,Secundaria,33.0,3251.0280111495376,,580.8596261411024,1769.5958807038119
Bogotá,A,Secundaria,21.0,2426.0851114480315,935.1385551210859,731.6280919396595,1329.4321205985602
Cali,A,Posgrado,31.0,4560.798093342441,1830.7731057691735,,2827.887461982633
Medellín,B,Técnico,60.0,3106.397359991091,1286.7005693198603,698.6235283956979,2039.1380065507863
Cali,A,Técnico,42.0,3706.896130102155,1533.7599145399145,494.52859768993903,2253.0394258227243
Cali,B,Técnico,68.0,5131.463658673332,1893.3046633391846,658.18207776767,3241.3268320576153
Cali,B,Técnico,37.0,3321.720655312948,1137.1973971734037,572.2275805353662,2219.949988830757
Cali,B,Posgrado,43.0,3192.899716803722,,613.4858316986672,1441.4905118405038
Bogotá,B,Universitario,46.0,3564.5509112363607,1695.9836546497388,618.4211653407967,1693.0577323540072
Cartagena,B,Posgrado,42.0,2856.4767349292383,,650.6968008679723,977.0487637441324
Bogotá,A,Secundaria,33.0,3166.824744934561,1312.3436056772584,549.7025412995948,1847.1235687327408
Medellín,B,Técnico,30.0,3898.8151600822985,2580.3961048817155,552.2191901265688,1310.2290553277928
Medellín,B,Secundaria,24.0,2474.9699824338636,1494.9318996872678,386.316895423067,844.0472591075605
Barranquilla,,Secundaria,20.0,3888.062229712255,1449.94603245894,689.3975692858858,2419.7928405955226
Bogotá,B,Secundaria,19.0,2124.1812280093786,,,857.2749089312777
Bogotá,C,Secundaria,35.0,2983.7562791710916,,606.5374663499782,1442.7057137846332
Barranquilla,,,32.0,,1427.7035005166745,563.9469303229312,2105.3139930344964
Medellín,B,Universitario,26.0,,1723.2547955862772,514.6853044827662,1240.7904020267022
Bogotá,B,Universitario,43.0,3749.6141546813656,1689.1809676779055,559.7328151484783,2153.963677547697
Cartagena,B,Posgrado,24.0,2029.935768331392,,652.3551035289317,972.5975642684986
Bogotá,B,Técnico,29.0,1695.3904590525035,863.6512865546388,612.1837383297227,855.2195689930899
Barranquilla,A,Secundaria,65.0,5314.708796501927,2896.8357135138504,641.2493117709213,2607.4643213782447
Cali,B,Universitario,56.0,2963.724780990508,1529.2482509895121,685.8265882675605,1236.274833343711
Bogotá,B,Secundaria,38.0,3296.4069707976055,1711.0699677103712,593.908397053507,1563.4835298695914
Cali,B,Secundaria,29.0,,929.3885704318775,498.0057695251749,1829.8930652673075
Barranquilla,B,Secundaria,62.0,4035.952923582456,2257.9993602299687,582.9467003519495,1579.2136762610264
Medellín,B,Universitario,50.0,3365.630789082566,1516.7543073695065,747.242170055172,1786.1237822642834
Cali,A,Técnico,43.0,3334.332696122724,,,1596.7702131681792
Barranquilla,B,Técnico,22.0,2793.16120067461,1301.289528301153,477.8797023909933,1549.1434316390478
Barranquilla,A,Secundaria,26.0,3178.433061190892,1289.7241075872225,685.3521152912517,2039.9770839279129
Barranquilla,B,Posgrado,65.0,4175.854233908925,2609.963834436593,602.0300294685462,1614.6814796909634
Bogotá,B,Universitario,18.0,2761.109536861291,,515.0867309037324,777.8710843509879
Cartagena,,Técnico,18.0,,1076.3065532461842,574.0648891323751,1178.675135780786
Barranquilla,B,Secundaria,47.0,2816.3188002208008,1277.196679778952,559.619257269376,1453.8400610664357
Bogotá,B,Técnico,24.0,,2091.986367555386,484.85721339566663,
Cartagena,A,Universitario,18.0,,1154.2030182853082,744.2077739320205,2014.2344524407886
Bogotá,A,Secundaria,40.0,4226.815098804184,2044.6004626253496,590.9108610906887,2288.425239583977
Cali,B,Universitario,18.0,2233.7884626564746,884.7682095638382,574.4918616415506,1143.5867023236215
Cartagena,A,Técnico,32.0,2411.5347400321143,,535.8745521835007,1065.3361910267336
Medellín,,Secundaria,20.0,2341.0588045778645,638.1160113996829,709.4219552536248,1755.3312915033614
Barranquilla,B,Secundaria,20.0,2553.3984338627374,1112.0162227607725,611.8497486862288,1162.907905264409
Bogotá,A,Secundaria,65.0,4241.384616633822,1903.7596224102588,560.0678060885566,2651.1282743331267
Cartagena,B,Posgrado,30.0,3064.9050680585883,1428.5862081861367,577.061162723022,1703.097741643851
Cartagena,B,Técnico,20.0,1957.349370179466,948.4781975527982,543.7442494608197,879.2690001711226
Cali,B,Universitario,35.0,2822.197239818101,,565.3558169414752,1361.3733600790663
Medellín,A,Posgrado,22.0,,520.6119623477613,502.7321038097531,490.50666037982177
Medellín,B,Técnico,49.0,4038.0990632274033,1811.8958682184539,,2253.047828949411
Barranquilla,A,Técnico,29.0,2506.3585676522207,,566.1476340260932,702.4283854593272
Barranquilla,A,,49.0,4338.32238481066,2355.350469641437,757.4663972841868,1743.229885678812
Barranquilla,A,Secundaria,42.0,3494.742291844917,2442.3121636858023,558.4217859379974,764.4389240139457
Medellín,A,Universitario,32.0,2511.318656949013,919.2610831000138,523.0189194437479,1494.318747503824
Bogotá,C,Universitario,69.0,4397.179622096941,1949.347837180297,635.1212986430578,2515.299686201563
Medellín,B,Universitario,49.0,4311.183202718505,2670.256753232531,595.4611884520762,1910.0021741575426
Cartagena,B,Secundaria,23.0,,1799.6474883019514,620.6952991301181,
Bogotá,C,Universitario,49.0,4306.214123995272,,725.4109495107964,1866.9318257493937
Medellín,B,Universitario,26.0,2863.4233921387977,,549.4118473622174,1456.1009476365819
Bogotá,A,Secundaria,25.0,,,615.3584173588573,1949.5373064092528
Cartagena,B,Técnico,51.0,3087.045925260293,1578.912594195693,700.3175245756789,1536.0076987064765
Bogotá,B,,33.0,3494.4573688910045,1549.8109730760816,645.569238236265,1724.3471177721797
Medellín,A,Universitario,58.0,4509.536283369131,2152.587566318064,449.3694683483532,2291.5068121024565
Bogotá,C,Secundaria,19.0,,871.0515538000759,589.3566128394161,1778.8887527925194
Medellín,A,Secundaria,49.0,3791.1065495458315,1670.7820076565665,496.50852262934563,2146.995175736612
Medellín,A,Universitario,55.0,4550.910416146142,1855.2338515214133,578.9802719694659,2514.4715390828756
Bogotá,C,Técnico,45.0,3073.8274538595633,2105.0638221564486,,1127.2601079098913
Barranquilla,,Secundaria,51.0,4792.1734363395635,2643.181279767604,502.1141561852584,2092.886242282778
Bogotá,B,Secundaria,37.0,5086.611493806722,2521.9194367300065,686.362316111629,2834.310758221548
Medellín,B,Secundaria,67.0,4749.774483467717,2469.5567345703903,814.8342803240505,2198.6823195575485
Bogotá,A,Universitario,39.0,4196.314625794573,2238.794911666332,649.7708419099524,
Cali,A,Universitario,19.0,2294.94655853685,,587.8095736356233,508.7907700572864
Cali,B,Secundaria,21.0,2858.1874262793117,1068.947123461675,575.4569279108073,1466.9621889803113
Cartagena,B,Universitario,36.0,3186.0390668859727,1990.6740396250907,552.6022353792828,1246.5420424680397
Bogotá,C,Técnico,69.0,,2595.653279007037,650.3477025370146,2249.402888967161
Medellín,C,Técnico,30.0,3065.017051228301,,548.815632268193,1826.9146454427826
Bogotá,B,,23.0,,,,1429.581719883659
Bogotá,B,Universitario,52.0,3073.141909821873,2018.540207252879,674.039628116346,985.0695979273444
Bogotá,B,,65.0,4004.0433413436604,1556.8895452067666,424.9990646528484,2794.58153679316
Medellín,C,Técnico,66.0,4779.9516149528035,2610.7585979769256,729.7082135360806,2257.9542760219974
Cali,C,Técnico,52.0,3745.7936932337802,1869.2734940609657,729.9375916093832,1742.1791835659155
Bogotá,B,Posgrado,43.0,2403.1627298301146,925.5384247802245,505.1029093229663,1309.7061853409252
Medellín,B,Secundaria,23.0,2884.4215560724933,1949.3960049903862,733.6738927926939,691.6449480560317
Barranquilla,B,Técnico,47.0,5149.791630109803,2619.4081470808346,704.6473758840208,2785.1970986886304
Barranquilla,A,,23.0,2004.3736380339756,,571.9050106911997,1394.3974448579759
Bogotá,B,Universitario,69.0,5525.542735648654,2742.366349213001,575.1118518141668,2773.459466002402
Bogotá,A,Secundaria,63.0,4238.86904759955,2581.5754044149576,594.7836598106358,1946.0058817766164
Medellín,A,Secundaria,39.0,3569.5219536116233,1667.725471053754,695.6154629493772,1815.8244210265432
Bogotá,B,Posgrado,41.0,3511.0535724129586,1471.7316773239454,622.6123324578718,1881.0641945445977
Bogotá,B,Técnico,28.0,3141.2546338246743,1364.6542178134555,535.057603807675,1838.7027014518376
Bogotá,B,Secundaria,63.0,4675.535528855263,,549.1822099277672,2183.5921724704795
Bogotá,A,Universitario,61.0,5067.914149314964,2744.9035409767075,491.4836407241701,2189.148690404143
Cartagena,B,Universitario,50.0,,1349.868736622695,614.4085947970038,2764.571800441444
Medellín,B,Secundaria,56.0,3195.9358763345617,,610.7748321905597,1405.0407553161972
Barranquilla,B,,62.0,3908.9645446067225,1619.3244218136786,475.68033672691934,2305.7362803349715
Cali,B,Técnico,60.0,4334.6211313371905,2210.8957878927,489.6861652160462,2308.548974463594
Cali,B,Posgrado,29.0,2501.1067981694196,1222.9598086462408,,1530.239718265454
Bogotá,B,Secundaria,64.0,4836.97018721138,2645.587409411439,564.7373872467537,
Cartagena,,Secundaria,25.0,1525.460048305165,788.9615380778781,,727.5705528018063
Barranquilla,B,Técnico,33.0,2910.181554964926,,525.4213299324146,1337.2288723038564
Cali,B,Posgrado,43.0,4062.4856839355484,1731.7311639604666,498.6179879520644,2093.4633573909764
Medellín,B,Universitario,19.0,2463.939572401834,,581.6698564358201,449.312204936838
Barranquilla,A,Secundaria,39.0,3683.5566236946056,2242.2719822486665,576.1587971219219,1304.3193803622603
Bogotá,C,,26.0,3249.590980376711,,633.5041585036414,1593.874636560211
Medellín,B,Posgrado,51.0,3351.171758919487,1521.8192437731047,567.1529714369769,1620.724688673686
Bogotá,B,Universitario,67.0,5779.9374994440695,2755.109548983555,731.5784229805212,3255.567296935984
Barranquilla,A,Secundaria,60.0,4480.325025949021,1627.5729679847323,450.28174148438245,2717.7358754293814
Bogotá,B,Universitario,47.0,3415.4220112698354,1248.189794680453,584.8317267019153,2277.1785569033054
Cali,B,Universitario,29.0,3485.6986924870625,1578.8357891521482,418.1347936537063,1429.7149943713011
Bogotá,B,Universitario,55.0,3125.314117804914,1595.26990383676,580.8518777103577,1477.8266714002957
Cali,B,Secundaria,31.0,3715.4163023948986,2332.5049347523354,546.8148000459826,1231.6148577588142
Bogotá,A,,35.0,4282.982875083413,1968.6814741010664,592.777753553539,2320.3640925375657
Medellín,A,Secundaria,60.0,3996.1928317027046,1551.2426481046634,645.4485850775982,2434.494739177348
Cali,A,Universitario,48.0,3587.9657341112797,1752.6782879374111,579.3344234372275,1837.365147439291
Cali,C,Secundaria,63.0,3250.320616592774,1692.5244631337252,554.2072236331616,1567.2123760651698
Bogotá,A,Secundaria,52.0,3375.7375237431506,2167.4782842553486,725.3825906598946,1228.448251686485
Cartagena,C,Técnico,55.0,5183.5378992307715,3203.4899965712143,550.0345293894775,2028.5069550881938
Bogotá,C,Universitario,55.0,4080.2311495274835,2299.3001560142384,562.3974958414955,1737.5926454738005
Cali,C,Secundaria,46.0,4257.451706142246,1906.4660282195641,636.6755166675679,2483.2682392888714
Cali,B,Técnico,66.0,5036.125415432663,2635.0166393546515,645.141802581005,2471.215215214509
Barranquilla,A,,48.0,3333.5566805597546,1182.7709478556592,516.2076418527864,1875.4654688463565
Bogotá,B,Técnico,41.0,3071.002347862122,1754.2811785630004,672.0861840387655,
Cali,A,Secundaria,54.0,2974.486509400237,1861.758482552259,630.3714485895858,1248.9439654596233
Cartagena,B,Secundaria,47.0,3359.330423956011,,664.8865744719044,1471.0367253663362
Cali,B,Secundaria,25.0,3487.3034430445377,1689.8947819026646,563.5836264562968,1853.6571961455525
Medellín,B,Posgrado,56.0,3738.7100080607843,2159.9662167708793,532.4771228950542,1694.8762763394275
Bogotá,B,Técnico,64.0,4234.2153579362675,2376.2791958869857,,1642.470211200328
Bogotá,B,Técnico,43.0,2898.8839947620036,1454.062544608276,492.15322794525946,1514.6935710178723
Cartagena,A,Secundaria,63.0,4434.357756030104,2319.013115017412,570.9483340444335,2194.2292673783986
Medellín,C,Secundaria,58.0,3713.1201873254327,1721.5445171506635,,2205.9608520584247
Cali,A,Técnico,23.0,3435.127068263795,1624.873157028343,590.4118745328313,1458.7476875528205
Medellín,B,Secundaria,52.0,3814.380158234576,1680.6721668487219,,1856.435243488187
Bogotá,B,Universitario,63.0,3805.525548996653,1316.3338919541147,634.6744559474374,2748.861704040215
Cartagena,B,Técnico,37.0,2690.184615096874,1195.669171186978,561.7228668744923,1602.4154537360837
Medellín,A,Secundaria,29.0,,2368.9127853588407,651.4381160952546,1435.820728768311
Bogotá,B,Secundaria,45.0,2947.393696582514,1817.1953056589368,517.9783493572091,1034.4303140889986
Bogotá,B,,37.0,3466.9095565412545,1953.5723109630646,514.1673154467481,
Cartagena,B,Posgrado,45.0,3883.974769778282,2078.9115740384173,669.6575162829346,1340.9697654433805
Medellín,B,,58.0,,2353.657146987019,607.8635216406407,2607.5234706323486
Cali,B,Universitario,60.0,4776.225524610114,2896.6377037928564,670.9596985712252,1699.9154231419434
Barranquilla,C,Secundaria,47.0,3373.3975109400326,1712.0945969685736,792.0284979848258,1636.601503190616
Bogotá,B,Universitario,38.0,,1508.2021107008075,591.78904781583,1518.433474193087
Cali,B,Secundaria,58.0,4032.5606042705117,2583.805768287784,566.9026800993314,1413.9920732669286
Bogotá,C,Técnico,34.0,3514.04425180019,,544.9977300219765,1408.1971656913415
Medellín,C,Posgrado,34.0,4382.059212539961,2316.8574357496054,539.7807742126597,2267.163789343185
Medellín,B,,25.0,,1735.0338924556625,598.2911475827127,1977.7179190485458
Bogotá,B,Posgrado,44.0,4500.955416744302,2837.338837662021,669.3958025367202,1876.1844096835493
Bogotá,B,Secundaria,18.0,1853.9145315798944,685.0011740305065,586.3796826421041,1285.9699580217375
Cali,B,Técnico,36.0,3097.5595419086894,1811.833442068013,653.2280351259441,1173.7388714510744
Bogotá,B,,30.0,3427.5217079890076,1289.475796461862,554.93789676907,1916.438560718286
Barranquilla,C,,26.0,,,653.3376395713157,1735.814620054208
Cartagena,C,Universitario,30.0,2786.017808632895,,568.5448495149502,1259.501858714802
Bogotá,B,Técnico,55.0,4724.7750438905205,1642.5550323408804,693.9764747490966,3249.057864694849
Cali,B,Posgrado,55.0,3527.059464420561,1926.206944601716,577.8177621330174,1714.279492177785
Medellín,A,Universitario,53.0,2899.1055520412747,1038.693393984726,476.449801204119,1927.0981964088974
Cartagena,B,Secundaria,67.0,4434.064411302722,2223.013824371301,514.4291758415103,2266.641497474082
Cartagena,A,Técnico,41.0,2899.472211638409,,602.7676499623825,1626.196560031004
Cali,B,Secundaria,66.0,4706.055567071188,2565.5330298980475,681.9508195626004,
Bogotá,C,Técnico,60.0,4951.615456200871,2602.6489523852133,666.7455092931548,2496.011883308627
Medellín,A,Secundaria,32.0,3837.173821496382,,490.90069006986556,2167.4044639093113
Cartagena,,Técnico,34.0,3418.8299253939513,,624.1218725936808,1675.0586457728457
Cali,B,Secundaria,47.0,3702.614748225339,1493.847740356165,,2120.355405142965
Medellín,,Técnico,49.0,4166.604174813432,2080.639859343333,695.2341576349104,2031.9152106787728
Bogotá,B,Técnico,21.0,3385.8407951786958,,625.4349339254437,1200.6769505180646
Barranquilla,B,Posgrado,18.0,2656.2225478360524,,589.8925427114418,1154.9093914655116
Medellín,B,Universitario,69.0,4265.16331875166,2555.2957747819296,634.2906619429405,1843.4441145005192
Medellín,B,Secundaria,47.0,,1722.974898029479,527.4933501700328,1488.7752951541488
Bogotá,B,Universitario,63.0,4009.9169635139765,,523.4443578714454,2060.8520011558676
Medellín,B,Técnico,42.0,2633.2911029240786,1570.0369279409208,566.5795245298499,943.4009083850337
Bogotá,C,Secundaria,37.0,2419.4338612423317,1428.0961264134007,389.81759855577354,1253.619634140335
Bogotá,C,Técnico,28.0,,1381.5841733810782,591.5970080434525,1106.1477368521073
Medellín,C,Universitario,47.0,3307.6940635896635,,,1605.0923737469375
Bogotá,A,Técnico,56.0,,1852.0653681204585,747.1494788101236,2405.541751664668
Cali,C,Secundaria,36.0,3699.554523685757,,,2449.9445478681764
Bogotá,B,Técnico,21.0,2866.1256204176266,1405.8197922630086,666.620625580919,1669.6741780900206
Cali,B,Universitario,18.0,2315.5015773121886,1156.9972681162437,496.20660100445116,1069.0288570207617
Cali,A,Posgrado,53.0,,1747.4267825410266,580.4461153217424,1045.9239949333926
Barranquilla,B,Técnico,41.0,3676.417104285774,1382.8122266326397,,2454.4621181002385
Medellín,C,Técnico,51.0,4701.085323384591,2130.813566550927,645.2624256522521,2454.7138010048916
Barranquilla,B,Técnico,23.0,,,494.8261430432882,2145.7243658215775
Bogotá,B,,28.0,2939.978220391113,1144.8003802582982,673.8150827764757,1906.4714072573724
Bogotá,B,Técnico,29.0,1867.5593360310854,898.2546926270035,505.0600872737152,1055.7316978873484
Bogotá,B,Secundaria,51.0,4063.3781131370883,1915.642063973287,607.848452480572,2072.2256913165256
Medellín,B,Universitario,27.0,3931.7764048380636,1806.005807356812,588.8975183502698,2150.8181890637175
Bogotá,B,Posgrado,43.0,3455.1784357739716,2231.8237108487783,530.4305716050457,1210.524815140763
Bogotá,A,Técnico,20.0,2460.017526539035,813.9318618338302,702.9010711872706,1503.42534683654
Cali,A,Universitario,67.0,4844.055905345574,2428.2197752644174,519.0144840934911,2312.272231880323
Barranquilla,B,Universitario,20.0,2893.662980934243,1728.2622706744269,429.04220661761747,1172.673641738784
Bogotá,A,Universitario,27.0,,,599.3532007161823,1215.4181605491922
Medellín,B,Posgrado,59.0,4449.18778623868,1836.6458284830694,699.091904388074,2725.697095942061
Medellín,B,Secundaria,32.0,2907.498350797663,1206.587149372064,585.4446696522199,
Barranquilla,C,Técnico,55.0,4436.429968737209,2251.846095827929,620.4047151184484,2366.725955612366
Barranquilla,B,Universitario,38.0,2617.2376106452207,1325.9577533753866,589.26577335925,1534.4086920688783
Barranquilla,B,Secundaria,63.0,4711.748860651309,2807.4454071356213,488.4235482420369,1922.5337807159076
Cartagena,C,Posgrado,65.0,5147.400266294222,2592.750634066285,664.137166590641,2351.657335626394
Bogotá,B,Secundaria,47.0,2471.1492945324317,833.6707953224985,481.0389896598495,1732.8107097388422
Medellín,A,Secundaria,34.0,2078.9579365209347,,502.8046043892948,1126.548285209941
Cali,,Técnico,31.0,3940.65103817478,2036.1306660766334,642.4242321116759,1708.1448279879796
Cartagena,B,Secundaria,31.0,,1252.1790121525696,722.0204899345426,2087.7254487436594
Cartagena,C,Técnico,50.0,3929.2179267707074,2316.4136889136516,,1408.3766767181746
Bogotá,B,Universitario,18.0,1777.096166730123,938.6254769049076,472.8423089383753,547.7267835622264
Bogotá,A,,41.0,3010.7639170707284,1284.4617715363563,609.8980587114705,1812.4418992604133
Bogotá,C,Técnico,19.0,3188.9616321710446,,643.3158632817334,1809.534976205046
Cartagena,,Técnico,60.0,4923.149409722601,2652.813739087454,645.0596367283756,2475.8100053489125
Cartagena,B,,39.0,3829.5941794212445,1766.2031316527502,598.1985636778072,
Barranquilla,C,Posgrado,27.0,3149.0000324723146,,584.8296047903355,1586.6527158517831
Bogotá,A,Técnico,37.0,4414.184094894092,2332.558466811489,504.4678634165459,2125.8649563070085
Medellín,A,Técnico,64.0,3803.6315983154636,1952.1237644116452,507.3230552878203,1717.853698563651
Cali,B,Universitario,62.0,4559.557285613513,1873.913259893959,495.38474459795833,2584.6264835921397
Medellín,B,Posgrado,58.0,3191.7308427997277,1534.0460135979479,683.8363892269085,1835.3820865337527
Cali,B,Técnico,68.0,4053.8294963113162,1891.6540937199347,699.1230168945682,2215.7118917674325
Cali,B,,24.0,2859.254833297446,1458.1267392649513,582.7370870989654,1624.59659980637
Bogotá,B,Técnico,29.0,,998.8438042397254,537.1218291086786,
Cali,C,,45.0,3159.865484273459,1665.7706770413524,647.0514509397075,1298.1448801123172
Barranquilla,C,,30.0,3322.5518507566553,1317.8151988146255,516.4139463835736,2022.4717157305356
Cali,B,Universitario,43.0,3897.9097242728276,1593.6232635737192,738.8884374938837,
Cartagena,B,Secundaria,64.0,5661.799481709745,2107.7445437381666,550.2086537704902,3655.998932454493
Cali,A,,48.0,4641.408128292371,2139.497545164229,639.0798297289643,2458.3089888238173
Medellín,A,Técnico,25.0,2643.6262908866515,,508.9579365650908,1286.6593192032633
Cali,A,Universitario,68.0,4661.5312751903275,2608.2807588936203,516.3183205700816,2243.8713891861184
Barranquilla,,Técnico,42.0,3383.165215433493,,517.342352433443,2111.503805541454
Barranquilla,B,Técnico,27.0,3311.7840794260383,,540.6034904662627,1548.4688115469826
Barranquilla,B,Técnico,32.0,,1744.170511466356,708.2639487877328,1169.851929604301
Barranquilla,A,,29.0,,975.5783211918953,560.1972470684059,1342.6978332831548
Bogotá,C,Universitario,40.0,3024.303535358564,1217.4742478287787,567.9154552488345,1911.8455775889652
Medellín,B,Secundaria,33.0,3179.310497268611,1511.5826578174979,547.4003993128854,1826.5534770900992
Bogotá,B,Técnico,23.0,3078.1116650241806,1903.0913624519405,633.0633753525974,1171.0587610991004
Cartagena,,Secundaria,26.0,4240.359833454178,2822.1912512367617,561.7654852739939,1447.5410772537161
Bogotá,B,Universitario,41.0,4049.3309689016105,1968.9032718223627,564.0520939414027,1962.528943313219
Cartagena,,Técnico,29.0,,1066.008406405633,,1547.452014940833
Cali,B,Universitario,43.0,3208.079059258891,1854.091622705048,536.0324264940745,1429.7043638084883
Cali,B,Universitario,52.0,3270.101054530515,1463.8229702236313,601.3547223993573,2076.14299313345
Medellín,C,Secundaria,45.0,3087.8116332974855,1636.4406848555786,549.4423358937544,1459.9549504923016
Barranquilla,C,Secundaria,18.0,2007.3491724552232,1451.364552266326,625.8173466471932,
Medellín,B,Secundaria,44.0,3711.588811931051,1316.6992958931878,745.7624425977767,2214.179988594953
Bogotá,C,Técnico,55.0,3729.920307348004,1970.5733470561865,,1580.8283797548293
Bogotá,C,Secundaria,32.0,2763.3690844798743,1629.4379885025803,594.2496018501158,1218.047080283876
Bogotá,B,Técnico,51.0,3818.5582250213297,1786.6716029405143,560.2258007127995,1956.381495629776
Medellín,B,Técnico,68.0,4581.284471916751,,565.0075975784279,2164.2610445888395
Cali,B,,68.0,3850.6847651968365,1758.175776326878,467.44589956674787,2136.99302243293
Cali,B,Técnico,65.0,5290.844265601704,2854.028366041703,526.4907865472874,2527.958039612551
Bogotá,A,Secundaria,60.0,4536.419520876254,2588.728705670729,697.4458212404651,1848.8412215763021
Cali,B,Universitario,67.0,4837.4768581983435,2129.9974996136916,549.7066172042026,2409.8012687732767
Bogotá,C,Técnico,64.0,4490.711227806487,2392.253156817965,536.6056150912387,1993.8614583032734
Bogotá,B,Universitario,64.0,3497.099777608618,1272.934543593465,553.8526693013573,2399.727707323024
Cali,B,,22.0,,816.5884065409996,501.41114036994566,1666.0937619124647
Cartagena,C,Universitario,39.0,3411.939773319471,1336.519576608269,599.9231340091407,
Cartagena,A,Universitario,32.0,4712.167041019099,2645.245604476373,602.80548451484,1933.163637690648
Cali,B,Secundaria,47.0,3035.767119387464,1410.4679227252236,599.3180430073305,1980.7817326482011
Cartagena,A,Posgrado,41.0,3165.294021205412,1469.0978269842178,534.0127035246046,1698.9575708287514
Cali,B,Secundaria,64.0,4623.207806277944,2235.5669273605854,528.9866291754981,2440.9262070208097
Bogotá,B,Técnico,57.0,4099.931318174174,2253.0404446418374,716.7879298448966,1825.6892063923099
Cali,B,Posgrado,67.0,4316.699130397624,2513.5123630470166,,1792.0846737116497
Medellín,A,Secundaria,37.0,3016.8008499597254,,602.786973537326,1597.3531693575383
Bogotá,C,Secundaria,69.0,4414.655159774602,2651.544454632824,797.9833688600215,1699.5236681191795
Bogotá,A,Secundaria,47.0,3844.693122255947,2348.5597749748067,631.205765185828,1571.764194020604
Bogotá,B,Universitario,47.0,3603.9778558931434,1937.8318241487025,755.838914724847,1769.968051827079
Cali,C,Universitario,38.0,3418.0767769405697,,691.9316868054475,1225.5300136862393
Bogotá,B,Universitario,50.0,3921.1188408227113,2067.6233937683064,,1883.9783364996829
Cali,B,Posgrado,45.0,4312.8382348753,1728.0028129586522,,2457.0682143402214
Barranquilla,B,Universitario,21.0,1935.8669530476805,,626.4216043175294,1071.138434536896
Bogotá,B,Universitario,62.0,5025.404828393622,2162.423535462438,601.2956325007386,2715.399060326308
Cartagena,B,Secundaria,61.0,4909.708591008186,2533.4411879663894,456.13809116132995,2289.812177360655
Medellín,B,Secundaria,50.0,5239.150413075658,2457.369499564308,602.4416816445167,2566.5652238908224
Medellín,B,Técnico,64.0,,2168.0974539319977,571.1533626414347,2438.968538381762
Medellín,B,Universitario,61.0,4269.662382374137,2088.4468477203736,649.0560330260645,2114.084776788919
Cartagena,A,Universitario,51.0,3268.5849646877346,,569.6057940360753,1615.0086519468662
Bogotá,B,Universitario,63.0,4396.641446583785,2396.788392022534,645.8282934543631,1937.7033568910547
Medellín,A,Posgrado,38.0,4166.637905094649,2157.6402948686055,672.0980800190038,1930.3549541782893
Cali,A,Técnico,48.0,3877.672422064651,1789.7773199341057,568.9113215387164,2036.2081879855155
Barranquilla,A,Técnico,41.0,,1295.4756462436044,499.3608657170092,2219.4960994641146
Medellín,,Secundaria,42.0,3734.0841897294677,1924.616715627306,611.0778861761625,
Bogotá,C,Universitario,54.0,4727.178009209825,2286.4834017769826,587.8587273043233,2431.6727141820174
Bogotá,B,Técnico,33.0,3739.5399552566023,1987.7464005520555,,1920.5691657497491
Bogotá,B,Técnico,54.0,4003.762071336049,1882.9917960824046,,2346.4604821256326
Bogotá,A,Técnico,56.0,3850.0426266526656,1982.3686838761769,666.5734113300216,1937.9783994480047
Cali,C,Técnico,63.0,4441.998660798706,1516.186883854325,627.651440461988,2663.435822551666
Cali,A,Técnico,44.0,4365.887038489593,2040.5306897465769,554.1615842156433,2240.4706202463994
Medellín,A,Secundaria,22.0,2980.7728730132503,1534.1922417824733,589.1600548964983,1441.1338935302913
Bogotá,B,Secundaria,48.0,4144.78560441032,2444.0283234654903,664.2435332509016,1966.72713885459
Barranquilla,B,Secundaria,60.0,,1888.0499381044915,599.1185393481835,1496.641010529806
Cali,C,Secundaria,46.0,3206.093070658963,,,1905.2669573580758
Bogotá,B,Universitario,56.0,3942.6885364589557,1751.8228494108494,469.0790466154792,2164.9211147986653
Cartagena,C,Secundaria,54.0,3724.370996309974,1666.5219834811348,489.1369522473554,1936.08934053978
Cali,C,Técnico,29.0,3034.909577530939,1317.076765326839,519.4760860620535,1704.9145816740188
Bogotá,A,Secundaria,51.0,,2032.1899811682174,610.7180095137454,2040.60297460577
Cali,B,Universitario,59.0,,1965.3302275453577,663.1997543455204,2194.205681022776
Bogotá,B,Secundaria,18.0,2651.578397721452,1105.2468197519154,566.8306155185821,1555.9408885880698
Medellín,B,Posgrado,25.0,3194.470416448257,,445.16045196930946,1279.7152042030016
Medellín,B,Secundaria,67.0,4106.038380032314,1547.3204977447472,613.6802831278188,2508.590950514787
Medellín,C,Secundaria,59.0,4354.56522479202,1660.4283608337225,550.5686392519439,2646.1357976788654
Cali,B,Secundaria,30.0,3438.2492261667317,2048.1688534477307,,1244.4269790388933
Medellín,C,Técnico,66.0,4724.681319821182,2368.309494509941,585.8915405849997,2321.116456839237
Cali,B,Técnico,29.0,2949.705191218921,,649.2516968754445,1136.5702766206796
Bogotá,C,Técnico,64.0,4987.02787416148,2802.9378696588333,613.6006862267999,2015.6173807223242
Barranquilla,B,Universitario,47.0,4569.68766282522,1953.69365465776,630.0234676552055,2715.556409214494
Bogotá,B,Universitario,37.0,3801.3111134545306,2000.5158756332837,543.2040644321482,1648.6076403288891
Bogotá,C,Universitario,20.0,2233.0629795214345,1421.923749634114,542.5084142019336,555.8397273832813
Cali,B,Secundaria,52.0,3100.701580085164,1318.8915935361317,576.8368056089586,1844.7219277753143
Cartagena,B,Secundaria,61.0,4668.937884919456,2493.7453200396803,531.0169623119173,2190.166699003637
Barranquilla,B,Universitario,55.0,3936.906348575352,,488.4414959421234,2412.385953704907
Cartagena,C,Universitario,38.0,2556.8809648228817,,447.69759966311557,1487.0749123599394
Bogotá,C,Universitario,49.0,3939.689602253317,1662.0820481189455,742.9516596062933,2209.106941065909
Medellín,C,Posgrado,48.0,3958.7410416816456,2448.6317777613936,529.8023706955007,1407.5155631267126
Bogotá,B,Secundaria,45.0,,2000.610099710449,647.0838408766965,1388.8089771149203
Cartagena,B,Posgrado,49.0,4623.815058416254,2597.0707744539927,551.0092168343765,2157.3801368905224
Cali,,Técnico,65.0,4626.277276665792,2398.311606597235,608.5244656385929,2522.4399506615496
Cali,B,Secundaria,29.0,2589.876426869883,1288.5217401917425,439.0633157933719,1484.700175888047
Cartagena,B,Secundaria,25.0,2298.763565037764,478.42290180058797,581.4020512667113,1685.736158719254
Medellín,B,Técnico,44.0,3568.0836640279476,2130.721791943401,,1283.5386824249406
Medellín,B,Secundaria,51.0,3926.481431606175,,,2475.8595387454993
Cali,A,,41.0,3569.5857287453955,,697.7617571983172,2042.9595699294732
Medellín,C,Técnico,55.0,4240.429081577852,,555.1476499551596,1635.413132264611
Cali,B,Secundaria,22.0,2792.606304178942,1378.5089284467258,554.9615836777973,1409.2386878857308
Cali,A,Universitario,23.0,3183.0530921738805,1305.3124843245982,582.3361994816055,1777.7097599625235
Bogotá,C,Universitario,22.0,2465.731943411638,1182.7717953317472,698.2810044534139,982.0681556354175
Cali,B,Técnico,30.0,3285.8309526044945,1925.8230764995399,606.6129550553773,1479.9143646940279
Medellín,B,Secundaria,27.0,2660.4096281376183,1668.5008495960253,606.1721558771303,
Cali,A,Técnico,25.0,3227.802238548788,1585.8743437824342,578.5275615770845,1775.9001358306286
Bogotá,A,Universitario,66.0,5451.288615857977,2299.58568477493,643.369304364406,3014.4989630108003
Cali,B,Secundaria,59.0,4123.501908029307,1810.183589315804,682.5042167152942,2225.933789262694
Cali,C,Secundaria,25.0,,1697.4715047209368,582.1044968105421,1458.9091785614348
Bogotá,C,Universitario,56.0,2881.8072768673883,,571.80401563603,1524.116371976861
Medellín,B,Técnico,20.0,2642.196427637974,1183.1638177273458,707.4496504014276,1478.393765472589
Barranquilla,A,Secundaria,39.0,3797.1450286575005,2143.5743378912434,,1558.9795279074312
Cartagena,C,Secundaria,24.0,2243.4716732251,,498.096431597646,1614.332900811339
Medellín,B,Técnico,38.0,2712.823883798913,1640.4659017764131,702.0790357336754,1261.2010803602504
Medellín,B,Universitario,57.0,4858.938091070437,2476.724252855878,591.3336151891762,2481.8471372263857
Medellín,B,Universitario,41.0,3592.7438211419894,1779.5539187279207,559.1091026510937,1896.4334135378876
Barranquilla,A,Secundaria,47.0,4174.05212835165,2153.4195908158554,697.5179680461787,2194.288888331854
Cali,C,Técnico,26.0,,1161.2298059082664,602.521331694943,2294.1311666883944
Bogotá,A,Técnico,53.0,3260.4996760955773,1163.8890539116965,684.8731747929193,2190.4233904627267
Bogotá,A,Técnico,59.0,4354.592973008013,2076.803140939957,527.9301012647583,2124.4631714645843
Medellín,A,Universitario,37.0,3933.221887208247,2157.3198605768835,756.5760062071494,
Bogotá,C,Secundaria,55.0,3981.4061081089826,1661.1277402517971,461.86433013659087,2104.013137288399
Medellín,B,Secundaria,54.0,3338.4557534530686,1534.2121076640037,642.3202546925557,1893.8934044603961
Medellín,B,Universitario,68.0,3876.4821150616176,1955.9893724843178,673.1087232519662,2108.539158416253
Bogotá,B,,46.0,3619.4544163291653,1970.2985761326388,503.18763255752333,1594.1184416830001
Barranquilla,,Universitario,51.0,4021.7458606402406,1869.5209131533747,627.5359614652307,2053.8367265690763
Medellín,C,Técnico,20.0,,743.7882253296957,681.6648198780377,1123.1667933339834
Bogotá,C,Secundaria,49.0,3177.6315840849747,,681.7073058865298,1600.0438673376468
Bogotá,B,Universitario,48.0,3301.860025461576,,574.8347491502869,1480.1578482993884
Cartagena,B,Técnico,48.0,,,721.8271617972464,772.1834145634396
Cali,B,Posgrado,55.0,3860.134429680307,1546.6699058021784,500.7882284466252,2403.601984034753
Bogotá,B,Secundaria,39.0,2720.7547994106453,1218.36613315512,591.7659270707713,1578.6609587488845
Bogotá,B,Técnico,59.0,5989.795766852381,3327.9363312468254,,2654.4368985773817
Cali,A,Técnico,64.0,4152.9521928835065,1970.7708842724983,670.0787774141121,2031.7644214189081
Bogotá,B,Secundaria,50.0,,1814.6737398120652,556.9978671116484,1102.968088347476
Medellín,A,Secundaria,20.0,,1463.1331804425831,515.5901893455158,
Cartagena,A,Universitario,50.0,3858.704628921871,1993.7962122988274,696.6600778901985,1747.420868235062
Cali,B,Técnico,28.0,,,657.798428528607,1564.560139288952
Medellín,C,Técnico,51.0,3011.635664358091,1618.914567544503,621.0894065412318,1287.9661142403322
Bogotá,B,Secundaria,59.0,,1855.2227662770179,524.7213119391625,2618.204663432936
Medellín,B,Universitario,34.0,3909.1213111221396,2226.456988780913,557.7795152394532,1542.8121309011667
Bogotá,C,Secundaria,22.0,2563.2454186710565,,486.6245508931722,309.13689035112986
Bogotá,B,Técnico,36.0,3215.2192539647476,1350.0561198538192,604.8433235454281,1936.7924219202152
Barranquilla,,Secundaria,22.0,,1254.4461425204765,620.4065309222045,1685.2020414871185
Bogotá,B,Universitario,37.0,3596.039354510389,1640.8660724700908,592.0070184038489,1820.4654700799906
Barranquilla,A,Técnico,60.0,4507.92393964922,1909.947822138312,531.6918148660236,2818.9442753661733
Bogotá,C,Secundaria,27.0,3601.548797607289,1810.0887428302283,647.339405650571,1603.2370898349795
Cartagena,B,Técnico,25.0,3144.342034877799,1365.8124987051997,651.2756753616827,1719.3012196656507
Bogotá,A,Secundaria,62.0,4846.456609449322,2263.8387740701046,628.2726438957278,2592.5309617604403
Bogotá,B,Universitario,34.0,2717.707792903636,1254.859860467294,609.9522117222376,1354.7092996035403
Medellín,B,Secundaria,27.0,2179.272395307823,,460.76900607169796,1262.5328964282257
Bogotá,C,,40.0,3338.219806871207,2353.0995782138357,,744.1321114034638
Cartagena,B,,48.0,3426.8715972839263,,690.2743718548835,
Cali,B,Técnico,61.0,5148.429730475367,2385.769910071478,575.0406378941688,2951.848739704964
Cartagena,B,,36.0,2881.2025751513816,1834.9065187111164,,1222.0171262395786
Cali,B,Técnico,59.0,3919.1341947695837,2247.4792473544185,638.6274095453771,1616.1834506018906
Cali,B,Universitario,35.0,3217.823736366272,2282.615313419375,491.82504879127833,1053.1683915653773
Bogotá,B,Secundaria,36.0,2418.5547817771194,,422.16906289619976,1090.2208803198773
Bogotá,A,Técnico,44.0,4640.990436329272,2492.523605302794,634.147717005927,2219.6139031206158
Barranquilla,C,Posgrado,27.0,2895.1313835778956,1531.4364907751653,501.66860617867803,
Medellín,B,Universitario,34.0,3349.3830241203455,,597.2747661827544,1544.043426828903
Cartagena,,Secundaria,67.0,5320.062668108821,3044.540833114193,553.186014278507,2426.1517170817633
Bogotá,B,Técnico,28.0,1068.6878712159732,,571.6275874779566,778.7417999476969
Bogotá,A,Universitario,55.0,3671.593058376695,1885.6364319533207,534.5800141437395,1795.1172462509114
Bogotá,B,Secundaria,31.0,2658.2902368388523,681.686006697306,508.50832039031025,1861.3857021826518
Bogotá,B,Técnico,30.0,3153.891177534934,,626.3319755822201,2011.0466770263201
Bogotá,C,Posgrado,19.0,,1539.9009186678284,645.1802082001122,
Cali,B,Técnico,36.0,2283.974145252611,,,
Medellín,B,Universitario,54.0,4496.544695294786,2036.5384454811724,549.8678791757611,2641.9589635961293
Barranquilla,B,Secundaria,58.0,4396.932417819991,2386.567608325268,622.6328041644568,2077.598577020504
Cartagena,A,Posgrado,39.0,3466.0280609938695,,655.6216699422368,
Bogotá,A,Técnico,28.0,3175.444857286521,1214.4346451994597,608.5340409932024,2154.72893436146
Barranquilla,C,Posgrado,31.0,3062.6876581480324,,508.38597358670796,1640.542681657353
Medellín,C,Universitario,41.0,3936.2034498677544,1871.5794856467905,730.7606635168886,
Medellín,B,Técnico,18.0,1373.1407980919944,1221.7706329619816,671.4750976353887,92.17039898038526
Bogotá,A,Secundaria,46.0,3751.788567373256,1078.2620545012023,489.73345914146273,2790.523935542712
Cali,C,Secundaria,25.0,3919.61237939884,1662.7450086121935,535.7631663538597,2163.4698789143085
Cali,A,Secundaria,26.0,3150.5522240695345,1928.2769943215064,503.31502573263924,1364.230549104967
Cali,B,Técnico,68.0,5596.398336005238,,636.9270163182606,2848.78804596183
Bogotá,B,Técnico,32.0,3209.639630326675,1954.9931481557446,533.6574513921295,
Bogotá,B,Secundaria,68.0,4605.619747343482,1511.8526981380078,633.240199412822,3079.941484399362
Bogotá,,Universitario,55.0,,2582.0846375799556,583.6315001162806,975.9231413504482
Cartagena,,,27.0,3192.3561876939852,1135.0824004306676,498.8073108041246,2285.686970474603
Cali,B,Secundaria,22.0,,,519.5883717530564,478.8150540408179
Cartagena,C,Técnico,38.0,3818.723314714124,2169.5551340468505,470.78184915950567,1627.110984108073
Bogotá,A,Universitario,50.0,3565.2099401752107,1642.2792928160106,603.6112289696852,
Medellín,B,Universitario,56.0,4209.025961113026,1996.5578776712593,,2060.06488905193
Cali,B,Universitario,29.0,3155.382824965514,,587.2387228667521,1575.9803588581572
Barranquilla,,Técnico,40.0,3161.386478167607,1955.111157546354,678.316247808411,1300.5360808982125
Medellín,B,Universitario,66.0,4145.140635486844,,614.1159724121788,1735.502890441661
Bogotá,B,Técnico,33.0,3294.26911837643,1524.351194438671,633.6115285675614,1855.5765019517244
Bogotá,A,Técnico,63.0,4743.392625067279,2593.99265442989,582.5042333497112,2054.525263415547
Medellín,B,Universitario,42.0,2610.834851105744,1227.241269980265,541.8369834929339,1193.4497967892569
Barranquilla,A,Secundaria,45.0,3413.2155913640527,1338.9368526138035,589.5154284758385,2273.286868617355
Barranquilla,B,Universitario,49.0,3500.6010568456522,1721.5827847008636,581.153776686689,1240.8462006377863
Bogotá,C,Secundaria,69.0,3694.2696874432604,1954.0829228809748,543.0826177952666,1771.8313813867235
Bogotá,C,Universitario,34.0,4217.44416430613,,,1449.048172430121
Medellín,A,Secundaria,25.0,2900.2864983977233,,536.0254129577974,1404.2095648902773
Cali,,Técnico,54.0,3327.758492965398,,656.0032384942051,1827.071220770131
Bogotá,B,Secundaria,46.0,,1443.4551588433799,614.5350334762236,1328.037283533177
Bogotá,B,Técnico,38.0,3231.4368953465855,1099.751956894003,576.6517494889865,2101.3895950385036
Bogotá,B,Secundaria,20.0,,1164.3508329786332,578.0515673985017,1128.984886970556
Barranquilla,B,Universitario,36.0,2588.5450555925067,,472.8272178901099,1285.8512573215044
Cali,C,Secundaria,51.0,3747.5245791392786,1805.4746055574642,623.6046563357204,2131.3883098141187
Bogotá,B,Técnico,31.0,3704.352261656227,1126.3339548137392,616.6363096120085,2457.988019182055
Cartagena,B,Posgrado,49.0,3333.2345958772476,,471.67969867313946,1320.9316898438922
Medellín,A,Secundaria,43.0,,1346.9452084798327,,1690.5915472066852
Medellín,A,Secundaria,63.0,4124.701125517489,1819.4734307851866,621.3292649051099,2583.707597694735
Medellín,C,Técnico,44.0,3812.138654660853,1973.1156497257928,511.56703008898415,1805.7934177798172
Cali,A,Secundaria,69.0,5863.298410113126,2381.8198454450408,597.118124546964,3245.0896426570416
Barranquilla,,Universitario,47.0,3796.234280573807,1861.0875178179053,505.5822458964479,1855.56328904746
Bogotá,C,Técnico,50.0,4165.167026749292,2116.360043872476,649.4364302106811,2143.9947478623158
Cartagena,C,Universitario,59.0,5025.625590147418,2792.5855373271015,,2406.0127560515043
Bogotá,A,Universitario,66.0,5440.515424964135,2735.0725239569765,699.2857245393274,2510.441784387133
Medellín,B,Universitario,51.0,3133.287072240594,1310.2246019259599,,1915.38107265391
Bogotá,B,Universitario,39.0,2920.264185999503,1476.6118468440689,,
Bogotá,B,Secundaria,32.0,2168.8260327261396,754.5110303548342,461.2632285202335,1467.2236590821758
Barranquilla,C,Universitario,18.0,3218.0884017696762,,665.5214954353711,1226.7087949753704
Cali,B,Secundaria,25.0,,1655.9259022267522,523.7102160226693,935.2898880939683
Medellín,B,Secundaria,26.0,,1322.4776596748136,739.2506126752771,800.5526914309819
Barranquilla,B,Universitario,54.0,4177.467142781208,2398.5447688369673,689.2321602522737,1853.4184618840973
Cali,B,Secundaria,44.0,,1647.4760189037354,448.0780350805737,1660.3717364881884
Bogotá,C,Secundaria,64.0,5194.767221389304,2414.0609040237864,,
Barranquilla,,,50.0,,2159.423179441867,602.1053639542992,1672.7212868374593
Barranquilla,A,,60.0,,2042.8399708164604,521.318535465649,2303.059339920085
Bogotá,C,Técnico,20.0,2673.4973652504077,1472.260492039633,546.7685485616988,1268.3845602924948
Bogotá,A,Técnico,46.0,2277.8663677682753,1019.433891701621,567.1622944629861,1232.0295007044192
Cali,A,Secundaria,29.0,3107.5483698799117,1761.8899928348433,615.9636724451509,1203.5603413149151
Cartagena,B,Técnico,35.0,3507.659359083072,1779.1574753848472,662.0310389543158,1591.9441018946256
Barranquilla,B,Secundaria,21.0,1703.8542839177303,,690.038568471088,-133.34049900955398
Medellín,,Universitario,48.0,3139.603857936896,,654.2298627693185,410.08696887959167
Bogotá,A,Universitario,54.0,3915.1990830949335,2314.5484381821507,560.6677939848491,1807.6958454516289
Barranquilla,B,,40.0,2966.760489719483,2136.411228985298,653.0767283354003,665.6882701128228
Medellín,B,Secundaria,33.0,2099.032101366468,469.53935502059517,538.0266044107043,1712.9716257100413
Bogotá,B,Secundaria,20.0,3722.357054044097,1499.288271545224,571.0970069812016,2000.969607198723
Cali,,Secundaria,20.0,,1676.9093907524014,660.5707134808371,415.5775891368812
Bogotá,B,Secundaria,48.0,,1908.9066009772368,647.506435818702,1505.597747582052
Bogotá,C,Universitario,60.0,3554.9680954358355,1456.082656030842,535.440840783971,2092.1832027095625
Cartagena,B,Técnico,38.0,4017.880708665716,2112.99352103327,593.7137354542131,2021.558084569444
Barranquilla,B,Universitario,24.0,3902.5039779956214,2113.365872234509,649.3129074437069,1781.9651058806458
Cali,,Técnico,31.0,,1468.0270845635473,596.0343892629431,747.1534020059116
Cali,B,Universitario,69.0,4481.828764402385,2328.771547354365,567.6969733692497,2251.430354271834
Cartagena,,Universitario,55.0,4921.300803524073,2782.700947766558,598.6305530203597,2333.255944614668
Bogotá,B,Secundaria,66.0,3993.563800176257,2451.7876755279776,,1708.110101063498
Bogotá,B,Universitario,60.0,4222.134468094339,,615.3796714589705,2266.790078755301
Medellín,B,Universitario,27.0,3444.920846126836,,517.4404068646674,1626.4823000088275
Cartagena,B,Universitario,22.0,,1242.1601715972236,533.3363050761312,1375.9681095387707
Cali,C,Universitario,65.0,4710.830688300605,2568.846034484543,620.0761345070008,2257.1122688617347
Medellín,C,Técnico,66.0,4449.038763281222,2057.1957644163695,589.8698025060814,2630.8636825488775
Cali,A,Universitario,21.0,1925.8755605616172,1244.6471051226167,559.2747755904836,782.7427567853556
Medellín,A,Técnico,21.0,2274.511485853405,1321.1319797012663,614.6422511284998,1166.1717310313888
Barranquilla,A,Secundaria,28.0,3751.8494118632225,1465.603989373034,680.3477673537026,2034.7195844558744
Cartagena,,Técnico,60.0,3809.6187052050223,2014.9414986803267,583.5879903397105,1743.6612371034967
Medellín,B,Técnico,60.0,4962.676338366806,1996.2001371624406,678.6969108898304,3030.6145375986434
Barranquilla,A,Técnico,59.0,4833.531668176565,2375.9038486644513,650.951995718337,2337.131694080923
Cartagena,B,Universitario,44.0,3596.3960865244103,1577.0356197713957,585.6582111428593,2123.8644807942514
Barranquilla,B,Técnico,52.0,3483.7983162192468,1157.1799360580058,674.9622010903173,2390.474842834145
Medellín,C,Técnico,52.0,3675.2951321347227,2059.936606993937,,1337.7646709928379
Medellín,B,Técnico,26.0,3760.842578064545,1850.902549254296,,1820.423631041697
Cali,B,Secundaria,52.0,4164.658424361503,1968.789028881762,598.3385722429775,2181.58948292681
Bogotá,B,Secundaria,47.0,3291.8963958635118,1503.5160979198008,621.5419155913645,1963.0492945910976
Medellín,B,Universitario,39.0,3421.1265031787093,1738.2000661055183,487.6159287789859,1914.2646911392544
Cali,C,Técnico,38.0,3386.269699071535,1945.147444217007,556.8189861247913,1436.3097696215802
Barranquilla,C,Universitario,37.0,3797.53553204622,2283.449254610851,505.46739936576415,1472.0185282864484
Barranquilla,A,Secundaria,19.0,2341.9028779850805,,,1017.0084772191966
Bogotá,A,Secundaria,48.0,3428.8641702782966,1996.1831020817115,571.9603988165173,1544.711918148509
Barranquilla,A,Secundaria,51.0,3698.347002132871,1951.620732545919,725.900154656902,1913.7621833567855
Cartagena,C,Técnico,37.0,3216.609359886332,2129.188332928731,608.6163134687331,1078.6160045578185
Medellín,B,Técnico,24.0,2514.96693677097,823.6256569677677,585.6815524293704,1698.4519001954066
Bogotá,B,Universitario,56.0,3801.572722458602,1723.957856870593,673.3479777151488,2016.0261984194474
Cali,C,Universitario,58.0,3695.6431553245548,2129.484677841762,724.6055102095414,1431.265003439225
Bogotá,B,Posgrado,52.0,4754.957245056655,2186.1377649353994,651.0464856987796,
Bogotá,B,Secundaria,20.0,,1410.909454095377,641.5807475224676,2037.0433679648163
Bogotá,B,Universitario,65.0,,3414.945276637235,592.5825036852707,2485.8291895335415
Medellín,C,Universitario,18.0,1815.1790195253377,,625.2983807838378,1230.2141233912776
Bogotá,B,Secundaria,40.0,4619.159507043079,2707.499470532604,524.976372923162,1913.4129487899995
Cali,B,Universitario,21.0,2749.5767120932815,,618.2932055176997,1382.260758486349
Barranquilla,B,,25.0,2119.4281121773706,,666.5350112196372,907.2490771450904
Cali,B,Técnico,40.0,4494.141705773592,2516.88657641847,622.4094035126219,2216.3168010714385
Cali,B,Secundaria,51.0,4569.998009591986,2223.0091396268426,660.1832565746697,2513.7890479261255
Barranquilla,B,Posgrado,19.0,2749.066063014125,1224.590435096573,509.0621930575459,1338.3661977090774
Bogotá,A,Universitario,58.0,4382.757254457576,2056.4886827543965,664.113625291339,2267.7981287675548
Barranquilla,C,Secundaria,54.0,3762.7530166758497,1621.6688224890147,,2078.002278234956
Bogotá,A,Universitario,58.0,3773.1974888563523,1769.1036928284946,500.9491979531004,2093.008540251406
Medellín,B,Universitario,65.0,4237.594396932071,2149.913702613021,477.43230997709327,1979.3151336820722
Barranquilla,B,Técnico,31.0,,1795.8239720875774,704.1374710714687,1935.6638305363028
Bogotá,B,Secundaria,22.0,3056.0592403769624,1688.8177367979579,532.7102324322794,1528.685572681097
Cali,A,Universitario,61.0,4569.51465956664,2178.613992749716,652.9335761558418,2333.4495875139523
Medellín,A,Universitario,28.0,3891.5447330185507,2298.75650091939,739.2011183169942,2021.0001917563675
Bogotá,B,Técnico,38.0,2724.3773635122443,1459.5006311845075,671.792614763607,1265.2188317474133
Bogotá,A,Secundaria,30.0,,2087.2619662754314,616.5713347672342,1915.238595052636
Medellín,A,Secundaria,43.0,5359.700301972004,2643.6966559063353,544.4973841159049,2779.819683150247
Cartagena,B,Secundaria,25.0,3466.934797059478,2201.465790521145,597.0229382361277,1187.7796369475836
Medellín,B,,53.0,4428.046820279232,2149.1520863397905,560.1104455496051,2204.502247748633
Barranquilla,,Universitario,23.0,2694.064767780895,749.679949113685,465.4397177033045,1770.2848127775871
Medellín,B,Técnico,28.0,3057.190009691092,1364.0205056604916,606.0657295152777,1674.1156195870606
Bogotá,B,Secundaria,18.0,,,443.0971994452348,1326.755689530496
Cali,B,Secundaria,29.0,,1743.5787673209572,646.711850845458,766.3329639931796
Medellín,B,Secundaria,52.0,4504.688631603821,2509.1337487400474,657.3066795801386,
Bogotá,A,Técnico,57.0,4375.725921223723,2222.352226630961,645.7269176986586,
Bogotá,A,Secundaria,28.0,,,673.4838549378347,428.3345756308894
Cali,A,Técnico,48.0,4373.552155810869,1908.9806255030285,547.3105115499164,2461.120949131347
Bogotá,A,,29.0,4004.9939328491037,2028.8374487809654,424.8154504341733,1864.9393270795463
Bogotá,A,Universitario,23.0,3493.7452978226456,1879.8769578573083,518.8194758289824,1592.5557017865372
Bogotá,B,Secundaria,47.0,4128.213961471287,2005.449968208382,554.1934413055249,1891.6380605321665
Cali,A,Técnico,52.0,4028.404110790173,1634.8230268899715,651.7224543538337,2480.437649788207
Cali,,Técnico,55.0,3754.666486087546,1724.6744847933967,539.0618087757556,2124.6285788716973
Bogotá,B,Técnico,41.0,3685.971288333753,2066.0382361447705,,1603.3872725909418
Cartagena,A,Posgrado,50.0,3783.553687026541,,731.3194114100219,1647.9664900363414
Medellín,A,Universitario,59.0,,1996.900717079701,486.765107924557,2491.4103866332002
Medellín,A,Secundaria,35.0,2450.3624066826205,1022.5310736137653,633.2949274413005,1297.8445619759505
Cartagena,,Técnico,30.0,,1050.3370905901688,624.3195831077063,1644.1877701021263
Bogotá,B,Técnico,49.0,4175.774683826651,2353.3869266888823,564.6104048300331,1822.6761761397847
Cartagena,A,Secundaria,28.0,2677.2325271005743,2255.0958515226744,725.2478474217514,323.3134635908132
Bogotá,B,Posgrado,47.0,2910.145900168643,1569.5397742362109,547.8743460692788,1389.6820648951025
Medellín,A,Universitario,65.0,4373.776230605984,2171.5860544342477,580.8331891057666,2204.268427619123
Bogotá,A,Técnico,52.0,3668.957977454286,1509.782464397572,490.44000630432106,2065.9409810159386
Bogotá,A,Secundaria,55.0,3444.7258255018337,,563.0201862756337,1555.1093944835993
Medellín,B,Posgrado,26.0,3073.9967240109313,1783.854443042438,496.3750342451009,1282.8377591884757
Medellín,B,Técnico,57.0,4441.950452862098,1980.5593021671377,707.4988637042339,2470.9509946529583
Medellín,B,Secundaria,34.0,2814.5732617073377,1419.071023448243,583.128156774731,1580.3711666008228
Cali,A,Universitario,28.0,1942.5510407008876,1287.9408171603152,620.8425582582156,429.5545662106068
Barranquilla,B,Universitario,33.0,4192.503059595772,1909.5023001648588,640.3655861825964,2188.5238937285567
Medellín,B,Técnico,45.0,3077.2145461871196,1784.0820462788308,628.0609649850045,1415.238156435223
Cali,A,Posgrado,43.0,3964.589864060779,1611.3090782181473,,2236.5005825429557
Barranquilla,B,,50.0,4056.8927962532634,,592.2777166194546,2071.7240450437625
Bogotá,,Posgrado,64.0,4381.4474258611945,,667.2191295923394,2266.698224849555
Cartagena,A,,46.0,3771.032299666808,1980.1350828206064,578.3238733001144,2134.929100435547
Cali,A,Técnico,58.0,4701.739997363144,1789.0816983052923,527.2367314675043,3182.9631184004297
Medellín,B,Técnico,60.0,5442.983386572327,3084.224835895502,600.6871571598466,2404.5220523158987
Medellín,C,Técnico,64.0,4201.255905494225,2515.6422422997266,646.0553123842096,1499.1917636192002
Barranquilla,B,Técnico,57.0,4470.226130260324,2412.759108423594,626.2624905155837,1866.6531152055413
Medellín,A,Secundaria,32.0,1920.9334792443874,1042.5046618530243,611.6411138701858,1171.713068545905
Bogotá,B,Posgrado,42.0,4156.248516713178,2372.985658769249,525.0661217851688,1862.3647674961487
Medellín,B,Universitario,67.0,3692.5145068303636,2440.586934767721,664.2136833065016,1175.1017563103815
Bogotá,,Secundaria,44.0,4505.443001078664,2020.6299116347532,,2570.9115212032325
Cali,C,Secundaria,35.0,2646.069270027933,,639.9022335695888,1202.920620778489
Barranquilla,A,Posgrado,38.0,2919.741255701543,1468.6179350918135,622.2334897910349,1479.6725537992834
Bogotá,B,Secundaria,20.0,2363.782025468655,1309.5842905375132,658.306197819148,1235.0839647839593
Bogotá,A,Técnico,23.0,,1454.2081972287424,391.39423343780845,1363.0047782054558
Cali,,Técnico,53.0,3917.437391785417,,524.4414255980178,1872.6159270608632
Bogotá,B,Universitario,64.0,4343.28825084382,2350.429689445169,561.2288926749559,1951.6651763288612
Cartagena,A,Técnico,26.0,2757.2585983474805,,,1367.1525660162542
Medellín,A,Técnico,40.0,3996.080937517385,1630.317277245861,602.0923590465302,2529.785890936165
Bogotá,B,Técnico,33.0,3276.488378046088,2124.165176054632,535.2606704625572,946.0123892731438
Cartagena,B,Secundaria,42.0,4322.5610133020255,2590.030195520118,593.989987929583,1903.699122642763
Bogotá,C,Técnico,33.0,3890.3911200188454,2065.9575019299555,524.947465260199,
Barranquilla,B,Secundaria,29.0,3301.293894300312,1511.607923802975,579.8126931254203,1728.1348738135546
Cali,B,Secundaria,19.0,,1451.410738013085,567.1402307902508,1177.8317235515758
Medellín,B,Técnico,54.0,3738.093945155628,1606.5089866400851,,2049.4616797916647
Bogotá,B,Secundaria,40.0,3072.1942965956573,1804.4340326766874,598.8378315999145,1603.5447214155115
Medellín,B,Secundaria,63.0,4528.9922758471575,2233.469095977208,645.0529627261659,2333.267574879336
Medellín,A,Secundaria,48.0,3813.167514560788,1701.646318077584,616.2134620954785,2039.2344244999535
Cali,B,Técnico,44.0,3276.8795811234327,1920.7041906221184,656.2639602631765,1353.5320745045503
Cali,B,Secundaria,39.0,3277.996504286029,1906.5784927407851,618.7618467362819,
Cartagena,B,Secundaria,26.0,3896.123650877951,2040.643978140659,679.784827072491,1808.7364650722004
Bogotá,B,Secundaria,65.0,5604.5894054023565,2857.972589903428,485.10275406778396,2554.039125934829
Barranquilla,A,Posgrado,35.0,3170.2664782195784,1751.3457533850747,621.0132733318469,1468.0120118484554
Cartagena,B,Técnico,24.0,1114.7921122536216,243.0705567905494,499.0105213819886,934.5855193161691
Medellín,B,Secundaria,47.0,3872.151085690626,1934.6619901944207,512.769762730384,1985.6300326717947
Barranquilla,C,Posgrado,59.0,4906.894466325441,2000.0132126255778,646.5088188827818,2901.4744039541697
Medellín,B,Universitario,37.0,3237.9104110232183,1111.5709022527697,657.7304555605348,2239.8822483611707
Barranquilla,B,Universitario,23.0,2093.1381669172524,1302.0129280928375,475.6351106103638,
Barranquilla,B,Técnico,49.0,3776.730750947208,2349.9467571781265,642.6276524249855,1740.9111182282434
Barranquilla,B,Posgrado,35.0,2459.9455592628647,1685.0771039164813,438.19474202973794,945.4895340927286
Medellín,A,Universitario,28.0,3346.62453817438,1582.0585660886304,579.4871094291422,2088.5019058536045
Barranquilla,,Técnico,31.0,2561.490077103703,1714.851017056225,525.0430373118904,754.0676353041622
Bogotá,B,Técnico,51.0,,2224.5047564433253,569.9475289522386,2128.543925905277
Medellín,,Secundaria,53.0,,2080.7403714509664,624.879106726924,2049.8301046305996
Medellín,A,Universitario,29.0,2267.629841265276,1340.6725591538743,,871.7224311608946
Barranquilla,B,Universitario,22.0,3757.320818895504,1883.7196262249881,544.192068403949,2215.874612887072
Bogotá,C,Universitario,21.0,3026.5421379198838,,724.1333787302959,1897.861685527841
Bogotá,B,Técnico,47.0,3403.5557355134115,1380.416560805504,726.2483281165602,1996.9333654060572
Bogotá,A,Secundaria,26.0,2913.7728766545815,,643.9920631097066,1363.0940854587425
Bogotá,B,Universitario,47.0,3644.4614496862055,2371.1329906039755,525.909870543846,1204.4155329695343
Cali,C,Técnico,42.0,3054.280896493243,1242.264207124362,583.8413288956928,1590.1924135631148
Medellín,A,Técnico,35.0,3283.4474858728377,1743.4733604344021,635.4269644291832,1697.4723178489658
Cartagena,B,Secundaria,42.0,3146.087610458706,2225.0249844505497,646.4847672362603,888.3090590108126
Bogotá,B,Secundaria,48.0,4603.278266549939,2475.6528360182742,512.8430037857063,2236.8663864587093
Cali,B,Técnico,50.0,3692.4798203562955,1576.8325434415653,495.3176552299097,2071.101764713391
Cali,B,Técnico,28.0,2908.022353300408,1030.4899940660328,622.5437115321615,1725.1433428212918
Bogotá,A,Secundaria,28.0,,2175.0544640062876,563.2858498256394,2033.217983141236
Bogotá,,,63.0,4605.693666220277,2692.365608504544,535.2185252968977,1730.5520222829987
Cali,C,Universitario,20.0,2320.3885861113713,1485.5698901705844,651.9744294558762,733.5696855382015
Medellín,B,Secundaria,64.0,4269.50416749058,2046.3132783390981,542.1472123754213,2326.1921908860895
Barranquilla,,Técnico,60.0,4234.724510491866,2186.6929724159477,648.9776177500959,1923.1766187323306
Cartagena,C,Universitario,68.0,4787.780070642098,2177.5340972367835,691.555924986629,2742.0344176561043
Bogotá,B,Universitario,44.0,3927.385146188378,1658.8754658880334,601.5159546362611,2294.408198299724
Bogotá,C,Secundaria,64.0,3864.7579544879677,1412.6715641473256,676.4871292948989,2466.436905118138
Bogotá,B,Técnico,19.0,3453.6344064039304,1819.2923327109804,553.0422491441648,1710.8400938108155
Bogotá,C,Posgrado,42.0,4136.401423396165,,621.1947445284669,2111.6843348744383
Bogotá,B,Universitario,42.0,4647.184920261317,1934.291148629095,,2656.206321815476
Bogotá,A,Secundaria,44.0,3754.7800926866994,1755.1589992881125,570.5018537624572,1882.7493370940504
Medellín,B,Universitario,51.0,5327.5805251411,3107.712407122535,577.3754192952251,2341.199041705233
Barranquilla,A,Secundaria,25.0,3497.794705871056,,603.1380963746616,1264.2299942690388
Bogotá,B,Universitario,51.0,3688.1890373549872,2017.397837456364,498.90179304161074,1489.8064402941068
Cartagena,C,Técnico,29.0,,779.7534218668098,590.5951804096148,2035.9499897134785
Cartagena,,Posgrado,45.0,4092.5053521696273,1755.5997701520473,554.4587323446478,2447.589510193643
Medellín,B,Secundaria,67.0,4686.797964884866,2457.2539968130286,,2182.577574941006
Bogotá,B,Técnico,50.0,4329.089254731535,2498.9066405040294,638.8778214141079,1941.384090821352
Medellín,C,Técnico,21.0,2380.243276955546,1307.9296314990227,622.4211180404745,1153.998814815724
Medellín,B,Secundaria,40.0,3627.689862467447,2020.2687759785435,643.374955377731,1903.540630003857
Cali,B,Posgrado,28.0,2965.898129708936,1335.0408554006276,598.5845318444174,1683.26331889175
Cartagena,C,Universitario,23.0,2740.8410332365515,,,1027.6030023639455
Medellín,A,Técnico,36.0,,1739.565437172427,628.2573953082085,2039.9440318924853
Cali,B,Universitario,49.0,4794.60787879887,2574.3460205364927,639.6999879517078,2045.768366216792
Bogotá,C,Técnico,56.0,4637.693246054835,1913.9410649515066,640.7348475596734,2735.6555358287337
Medellín,A,Técnico,20.0,3082.5424777998705,1476.2573188670772,,1460.595968828277
Bogotá,,,21.0,,,502.4338966718342,1074.2746717693717
Bogotá,B,Universitario,64.0,4779.157943250728,2118.525197344032,683.8210336062696,2718.616691528722
Medellín,B,Secundaria,40.0,4045.7763005002334,1723.3955648021172,643.4910762121314,2004.4945814931793
Cali,A,Técnico,39.0,,1644.1440509787908,620.4868209694374,893.8336857351467
Medellín,B,Técnico,26.0,3012.8519579182057,1315.7120400764059,681.1661299907348,1660.8240031981481
Medellín,B,Universitario,18.0,1898.5712560199229,,568.9123376012427,768.3181306423426
Medellín,A,Técnico,57.0,4039.4607179912864,1875.024822367647,556.4222299015923,2111.855153038017
Bogotá,C,Secundaria,66.0,,,558.4700834201155,
Bogotá,B,Secundaria,35.0,3815.7318955822766,1279.0051787728783,698.1019333606256,2574.768367645296
Bogotá,B,Secundaria,54.0,,2337.6004749986605,522.0219257068394,2537.734529461971
Bogotá,B,Posgrado,41.0,3085.5325285390163,1784.1036650547312,679.9690078646644,1262.3521824949112
Cartagena,B,Universitario,40.0,3512.602471487308,1549.9318772921213,624.0203774739972,2066.006837499696
Bogotá,B,Técnico,60.0,4943.337664758407,2423.4467743177074,588.4643625972395,2455.6868683722196
Medellín,B,Técnico,24.0,3164.1850933255287,,611.9383650635033,1877.2918531986859
Medellín,B,Universitario,49.0,,2450.93441495436,,1541.8756643705312
Medellín,C,Secundaria,47.0,3083.1245846587935,1555.1778153753162,440.65093002882014,1511.525404051718
Medellín,B,Técnico,42.0,3580.743166931741,,641.9639066572161,1727.193877406996
Cartagena,B,Secundaria,25.0,,2059.751184643686,418.5269486443119,1310.394607835634
Bogotá,B,Posgrado,42.0,1727.1116229914671,,405.75617403346905,681.0438896709209
Bogotá,B,Técnico,42.0,5170.257828636941,3059.542560198842,630.3863899891713,2369.887541409038
Bogotá,B,Posgrado,67.0,4408.410078269068,1716.5378705947305,535.5897775416774,2754.536913513034
Medellín,B,Técnico,61.0,4358.371008600868,2338.7479189512937,516.8669506662638,2069.4686809753407
Medellín,A,,58.0,6039.576542304045,3073.4040180989064,632.6559376778271,3021.0360867761533
Bogotá,B,Universitario,36.0,3300.99433695266,,631.558681788543,1278.629615025708
Medellín,A,Secundaria,43.0,,,636.6759265894536,
Bogotá,B,Técnico,40.0,2175.1177809871933,,,816.9551658893015
Medellín,C,Universitario,62.0,4488.638235210554,,632.4267952788892,2427.443413735159
Cali,C,Secundaria,58.0,,1762.0074654105724,572.3181435044216,1678.6720391978033
Bogotá,B,Técnico,50.0,3062.2506129608096,1959.685258087653,604.1840480936953,1315.2686947289285
Bogotá,B,Universitario,42.0,4192.522413469376,,615.0139139983528,1890.8132401591163
Medellín,A,Universitario,48.0,,1107.9440434725448,645.0965437792069,2005.0088324180504
Bogotá,A,Secundaria,67.0,4492.683729476019,2406.680701122333,532.6334984602598,
Bogotá,B,Técnico,19.0,1791.2750759552746,717.42674927548,541.365540335702,1084.0558187293432
Medellín,B,Secundaria,57.0,,,649.5517382181982,1588.1398485691504
Bogotá,C,Universitario,47.0,3758.9732813729615,2086.3354531054156,531.4845591430493,1540.6004409661384
Bogotá,A,Universitario,46.0,4108.533877614739,2244.3497768391876,553.6048013403624,1647.401564714687
Medellín,B,Posgrado,23.0,2604.2230067003675,1232.2163877285252,579.2298813485571,1225.7794945130556
Bogotá,C,Técnico,23.0,3126.300130962029,1980.210171893147,607.4210193449325,1078.89171414153
Barranquilla,B,Universitario,67.0,3485.7220099578717,,579.237079474531,1772.0363451549847
Bogotá,A,Secundaria,58.0,4009.2742918177837,2404.4965942009144,,1872.1431661857505
Medellín,C,Secundaria,25.0,,889.86775772791,687.8845487520603,1728.1831310134319
Bogotá,C,Técnico,37.0,2177.6815219295886,1473.621847230891,558.7195096768199,730.7478217529599
Barranquilla,B,Universitario,44.0,4069.542690421871,1934.3757737688527,613.5920132102605,2415.8663459359277
Cali,B,Posgrado,18.0,3259.557288419449,1616.5618445093858,553.6270486281942,1419.6115432898114
Cali,A,Universitario,24.0,,2078.8569540369185,678.8708152876045,1537.468481283877
Cali,B,Técnico,46.0,3994.5147012916295,1700.6021791356766,510.6487298016256,2075.085442971346
Medellín,A,Secundaria,18.0,3455.516762676862,1848.0579274546433,567.4681489640277,1463.8932712446706
Cali,C,Técnico,44.0,4302.3195298472665,2157.014868283374,464.96218378385515,2303.432406270858
Bogotá,B,Secundaria,57.0,4133.867613228889,2247.913464827194,583.6460772782423,1927.5965176247546
Cali,C,Técnico,34.0,3705.4564430977625,1791.410701364654,649.6757943408685,
Cartagena,B,Secundaria,56.0,,2666.2076489347287,521.8523526979282,2474.2307756405985
Barranquilla,B,Secundaria,54.0,3605.5851860941475,1415.0717391151359,641.3283958061735,2033.485149224649
Barranquilla,B,Secundaria,32.0,2939.915104288656,,,1163.4324412805447
Bogotá,C,Técnico,60.0,5001.583366222788,2445.273619006012,570.215194936261,2627.0372429740605
Cali,,Secundaria,20.0,1673.2367008435142,642.6616885512112,622.2124451173559,910.5850766272526
Cali,C,Técnico,69.0,4634.475450696937,2119.1610646010977,627.6374943994401,2955.955604872873
Cartagena,A,Secundaria,40.0,,1919.7618980451025,579.8280615572342,
Bogotá,B,Posgrado,49.0,3655.578845295463,2141.8836451324364,575.6523213092266,1646.1166641940856
Barranquilla,C,Universitario,44.0,3802.160604857346,1927.8242403173142,587.4850128223953,1924.261070338287
Bogotá,B,Universitario,42.0,4261.3999558536525,1999.1492404146832,661.3846893697364,1921.3525765855034
Barranquilla,B,,69.0,3355.7766505268337,1778.2065996023916,633.5677906568181,1400.2544490568166
Barranquilla,C,Secundaria,42.0,2286.3690418358156,1028.6158186393259,455.21873113282413,1212.8116410336233
Barranquilla,B,Secundaria,39.0,3744.531673772491,1590.4127359842114,650.5158537025698,2006.051126643904
Cali,A,Técnico,54.0,3522.8670870044602,,573.0960689229369,2043.5613507172227
Medellín,A,Universitario,54.0,4360.338579279883,2060.811693732499,556.3529423781545,2356.682847379698
Bogotá,C,Universitario,27.0,1509.2066638801712,810.2904155806013,579.1739826499416,397.19602544561104
Medellín,B,Técnico,36.0,3020.2208186799066,1340.5448823425922,,1527.7378958017762
Bogotá,B,Posgrado,20.0,2314.7168998136926,1587.8155420812,620.9716473863173,715.2771516315167
Cartagena,C,Secundaria,33.0,2852.1794488673377,1506.0861792418468,581.4074924156516,1455.6510864205898
Medellín,,Universitario,26.0,2960.1191708466604,1466.338695941386,667.8702914719181,1536.4003957873704
Barranquilla,,Universitario,60.0,4274.285274081881,2341.4299952693505,583.2607309040982,1667.811210965031
Barranquilla,B,Secundaria,60.0,5130.5420871935075,2459.0750307034136,679.8096215753541,2628.881776692272
Bogotá,B,Universitario,45.0,3741.9868142383352,2004.7560342145102,666.8595222260648,1809.542470879443
Barranquilla,B,Secundaria,35.0,3272.6431069373025,842.2997621698346,665.554949250812,2633.9585531432176
Bogotá,B,Universitario,47.0,4655.419396264168,2105.960818653684,614.1534959666858,2609.7127757807793
Barranquilla,C,Universitario,57.0,3921.0922979059806,,580.9810276147807,2042.9535159926556
Barranquilla,B,Universitario,60.0,4501.678674866317,2766.806242688961,519.8802222409811,1651.872433438801
Bogotá,B,Secundaria,40.0,3121.9847497223936,1509.6027806107923,572.454576676417,1799.66473038295
Bogotá,B,Secundaria,50.0,,1991.512533420956,508.977047031777,2384.181283100096
Cartagena,B,Técnico,32.0,3028.0970734513717,,562.8769063826476,1164.3694625543749
Bogotá,B,Secundaria,58.0,4096.725703881437,2183.6550721011254,582.8744217322915,2172.910524080803
Cali,A,Universitario,66.0,4593.112501264138,2758.150194609033,669.5306610743004,1682.8480877532384
Bogotá,A,Secundaria,32.0,3089.8672487091258,,645.4248257299487,1617.7060982746777
Medellín,C,Universitario,48.0,2760.498290709198,1247.7614437954878,425.9968606657589,1513.8053032849816
Bogotá,B,Posgrado,33.0,3252.7584679177553,1280.403536073524,608.7718840867672,1887.952231598739
Medellín,B,Secundaria,19.0,,683.6011924155271,539.4591662790989,1629.242199511478
Bogotá,B,Secundaria,39.0,4162.698337744449,1667.237179298679,504.8027820398553,2230.8350263787274
Bogotá,B,Secundaria,28.0,2974.437635498056,1370.846229446206,710.7998335763253,1611.8427389418348
Bogotá,A,Técnico,69.0,4376.692933071737,2077.3153925108995,662.9260894738737,2428.980214663483
Bogotá,B,Secundaria,49.0,4286.534447144595,1877.7570385298961,605.105443663601,2431.50418618171
Bogotá,A,Técnico,37.0,,1581.5352317734053,524.3893437819537,1976.6161196050627
Bogotá,B,Secundaria,54.0,4098.210889120189,2736.741683189781,597.0628355526336,1316.3833164976268
Barranquilla,,Universitario,46.0,,2479.0524495745217,655.3230617306414,1422.1600497968589
Bogotá,C,Técnico,65.0,5590.858045986987,,,
Cali,B,,43.0,3358.6200082806376,,585.188146387847,1241.167946515629
Cali,B,Universitario,57.0,4047.098222947097,2040.46763799348,588.1355417123657,1873.8814867420972
Medellín,B,Universitario,25.0,3069.9909010124084,1782.2768942905516,,1085.4918948039779
Cartagena,C,Técnico,45.0,3403.0765273666148,,,1094.4558964079401
Medellín,A,Universitario,65.0,5734.569290291907,3253.147226578123,646.9582189196002,2115.7320003924847
Cali,A,Técnico,65.0,4404.877488588583,2366.768794430012,595.4184656456895,2284.149186496423
Bogotá,A,Secundaria,45.0,3977.3900746033305,2095.146892964949,739.2648637191742,1797.9114942383576
Barranquilla,B,Secundaria,53.0,3581.107445748503,1435.0288923834628,703.7008950945806,1934.579476780616
Medellín,B,Técnico,22.0,2964.3858810269007,1779.0675773853325,563.4770767920006,1036.536350841991
Cali,B,Técnico,63.0,,2107.5042842397856,626.9462733546573,1602.150578845195
Bogotá,,Secundaria,61.0,4989.824139484795,2157.2016673006506,640.4751338487158,2928.3878331784217
Barranquilla,A,Universitario,44.0,3608.818801901382,2511.095294272997,563.6320724226981,
Cartagena,,Secundaria,18.0,1934.7205604586854,1210.7936323449967,600.1076680296187,780.9369449742819
Barranquilla,B,Técnico,44.0,2915.47278531324,1393.1239332842474,652.2127366166635,1444.1757512667907
Medellín,B,Posgrado,19.0,2415.916446449451,1043.7627606983674,606.0837420781535,1345.3610583165955
Bogotá,B,Técnico,48.0,2875.1027688510735,1047.9268636141892,681.3245177383895,1555.7878787200048
Medellín,B,Técnico,66.0,4212.742101946924,,607.0442116387381,1973.172354867701
Cali,B,Posgrado,32.0,2610.6840867432365,1302.1452619544207,585.0609884417386,1226.464435211649
Cartagena,,,58.0,,2329.157726243881,651.4695846412661,
Bogotá,B,Secundaria,44.0,4111.51609037564,2019.9825227204083,647.6777366552571,2181.3489268800568
Medellín,B,Técnico,63.0,4274.340338286207,1481.8933490701143,695.5630787940377,2940.347456317507
Bogotá,B,Universitario,27.0,,1015.9910264109822,535.301270379604,1725.436832482055
Bogotá,B,Universitario,27.0,,1657.7817284304629,674.5958832732568,1497.3593749383801
Bogotá,B,Secundaria,18.0,,,574.1355774558717,1785.288332256931
Barranquilla,B,Técnico,24.0,3856.2084848260474,1812.5807132733967,625.5475327542888,1811.226795153741
Barranquilla,B,Técnico,30.0,3034.732223294825,1505.5808925275455,566.5433493624488,
Medellín,B,Secundaria,55.0,4233.630528283943,2211.3325398502807,627.2062247128584,2204.7863740927255
Cali,B,Posgrado,46.0,3646.1348372259554,2390.004347220294,597.3016278539908,1254.2223318632102
Medellín,B,Técnico,38.0,4036.675106566224,2584.518183497852,622.0435178823409,1551.6725049258664
Bogotá,C,Secundaria,60.0,4250.900428862658,2364.6959782866793,600.9328080870702,1963.0713325230943
Medellín,B,Técnico,55.0,4176.688174577341,2995.443670585915,565.064276964215,1167.233567685489
Cali,B,Secundaria,53.0,4369.253895820088,1887.9382836353718,642.9769707739011,2485.734347007689
Cali,B,,31.0,3500.2582179766723,1470.9643587420578,625.064111566335,2017.8979380744597
Barranquilla,B,Secundaria,28.0,1148.3926770663109,717.782945024776,493.549076919811,630.2435707949597
Cartagena,B,Secundaria,25.0,3199.9459247195364,1254.4648003045465,602.9625207492508,1786.5461946417647
Medellín,A,Técnico,40.0,2902.0301833858066,,456.2006042196606,1182.7719468183602
Medellín,B,Universitario,32.0,3719.52570299538,1649.109523854221,562.4599993555735,2042.8599478442584
Bogotá,B,Secundaria,24.0,3000.607503534985,956.9391284691023,587.2900999336392,
Cali,A,Posgrado,21.0,,1371.9706501950816,601.7584496887179,1601.2420979201909
Bogotá,B,Universitario,54.0,4878.492124449703,2232.913217736967,605.1067868483726,3003.355740903573
Medellín,B,,35.0,,1083.178082035415,555.4496591959396,2455.493493158448
Barranquilla,A,Técnico,33.0,3246.1515894106265,,726.4380957021926,
Medellín,B,Técnico,21.0,2730.54615570468,946.3486833643647,494.05531908598186,1875.8705400814529
Medellín,C,Universitario,64.0,4386.373112536768,2373.3468082836634,509.39909959932413,2006.720273452361
Barranquilla,A,Posgrado,22.0,,1760.5526466944832,671.7850659272667,1427.3968348573185
Barranquilla,B,Secundaria,20.0,2008.6202363174425,1547.2829966838988,590.0690178365005,697.1984775069956
Cartagena,C,Técnico,59.0,5029.600698106634,,567.1606937195291,3562.2910687864855
Bogotá,A,Universitario,55.0,4071.143023778172,1190.9059791227978,583.4546163668822,2809.392136788786
Bogotá,B,Secundaria,34.0,4029.7872304224775,2085.686651067572,583.396369470142,2073.4334110369787
Barranquilla,A,Universitario,47.0,3680.938857979448,1480.2664702382986,,2284.6659208955125
Bogotá,C,Secundaria,41.0,3422.6511877486964,1195.166855972233,606.0593869088955,2107.8005494441704
Barranquilla,B,Técnico,43.0,3757.091180994718,1635.8919451616753,550.3679075709504,2187.318619020658
Bogotá,A,Técnico,48.0,,1354.4412381742632,440.35002877673355,1707.8951187385355
Medellín,C,Secundaria,34.0,3022.253964434217,,649.4866168252562,1129.0206670075436
Cartagena,,Secundaria,64.0,,2277.375212054188,568.2530515992644,3079.3579048870274
Bogotá,B,Secundaria,61.0,4468.528498572182,2111.4268522318316,637.6992407535895,2181.004922231942
Medellín,C,Universitario,35.0,3342.4059802423053,1277.454091917698,515.5631327997432,1647.2870045150185
Medellín,A,Universitario,24.0,2981.3148529933433,1644.2360693610972,639.4042258126206,1343.1551888759707
Cali,C,,22.0,3468.6939230591483,1909.4049705503533,614.5231142003421,1457.4890339159342
Cartagena,B,Universitario,69.0,3984.846219348432,2063.17343941386,626.3766832307313,2072.5656236426903
Cali,C,Técnico,34.0,3055.6183113463762,1345.2192073828173,543.4866216888558,1591.2591348081485
Cali,B,Secundaria,51.0,4902.043389765979,3223.2196466741543,658.4315747173473,1342.5613518101247
Bogotá,A,Secundaria,45.0,3960.4215576374777,2289.617475120256,531.6579648236254,1478.6601652540453
Barranquilla,A,Técnico,57.0,3833.4565799711245,2372.640351156261,,1578.6715774362367
Cali,B,Posgrado,54.0,4843.7110458977095,2214.5499836992676,649.6927093267137,2721.8178791892483
Bogotá,B,Técnico,68.0,4183.788630106182,1692.0667908816267,694.6907255982819,2468.422595289976
Cartagena,C,,67.0,,2039.4691148904978,664.7016412099385,
Bogotá,C,Secundaria,50.0,3419.154312648021,2108.3721906168958,544.7985563297489,1155.5485017217713
Barranquilla,C,Universitario,22.0,4118.355045080893,2284.864697727327,606.1067216072184,1778.5728137600918
Bogotá,C,,43.0,4324.327763546331,2274.408145828753,562.7412037585179,1978.9561150575526
Medellín,A,Técnico,19.0,1213.724445411569,269.35785736248516,614.8261988296025,831.37909973567
Medellín,B,Técnico,54.0,5029.943562822153,2165.563866718684,503.43854099472,2598.961398939427
Medellín,B,Posgrado,56.0,4985.412010921879,2318.3714769468943,677.6815227775578,2594.385834766536
Cali,B,Posgrado,51.0,4957.901101794827,2487.760990697293,574.4052342779679,2644.7504062413436
Bogotá,A,Secundaria,68.0,4990.062604974759,2573.8839322888703,620.4440366974818,2499.6428817310816
Bogotá,A,Secundaria,42.0,3790.957285281882,2034.4436725363194,685.2259084141607,1445.5107022803245
Cali,B,Secundaria,25.0,,1124.412023814529,541.1062543731906,969.5301520336333
Bogotá,A,Universitario,20.0,3359.681155476237,2212.9482878132094,631.4028344389997,1553.3691579008341
Bogotá,B,Universitario,20.0,3348.0876087357337,1695.9679407658327,487.92863226968416,1530.364545628272
Bogotá,B,Técnico,29.0,3409.925534599178,1630.8590802559527,559.3539232440451,1726.715597540562
Barranquilla,B,Secundaria,47.0,4211.651299746322,2189.5481877732636,596.9985535106325,2066.277399603163
Cali,A,Secundaria,18.0,,720.4557527734839,532.804041455765,1494.7251984892316
Cali,C,Técnico,29.0,,,610.9785776823187,1669.9555461142488
Bogotá,B,Universitario,55.0,4937.849952615907,2286.1001738284776,582.8925567472562,
Barranquilla,A,Técnico,46.0,3181.4004929868415,,461.93646891921543,1472.3931547148425
Barranquilla,A,Universitario,29.0,2864.0906100767497,1083.7962469336094,599.7373689747906,
Medellín,B,Secundaria,38.0,,2245.1605580096193,643.1376409027346,1650.064260575348
Cali,B,Universitario,44.0,3452.173910299179,1803.8675227217343,580.8221262122115,
Cartagena,C,Universitario,23.0,,,550.1736566500242,1365.135398887802
Bogotá,B,Técnico,33.0,2903.0931693143452,,678.7685376752127,1573.4275385505994
Bogotá,B,Universitario,56.0,4147.801875973519,2293.7144397176376,591.7831386606886,1685.1412438689367
Cali,A,Universitario,23.0,,987.2735108944794,542.6732636037117,
Bogotá,A,Secundaria,32.0,3554.7495396907043,1959.4752537446338,623.793186721906,1722.5645618923566
Bogotá,B,Secundaria,48.0,,1301.3413034113094,,2260.621638014774
Medellín,B,Universitario,44.0,3056.026075647513,1884.8002639733093,590.2429192783553,
Bogotá,A,Secundaria,55.0,,1910.104565751691,473.84170689547517,2520.1707408816555
Cali,A,Técnico,34.0,3022.087519316891,1257.012464402812,641.1404149459361,1775.5268970036445
Medellín,B,Técnico,45.0,3647.09204290123,2245.505871026319,600.7457077077147,1244.9209626108825
Medellín,A,Técnico,54.0,3831.70521613293,1764.1586019616052,619.0642592356484,2075.470871266177
Cali,A,Técnico,24.0,,1038.761436563605,567.4674569325892,1281.3127928175409
Medellín,B,Universitario,30.0,2928.6434221512104,1213.1240623493961,598.9963538206264,1706.0007961263307
Bogotá,C,Secundaria,40.0,4384.88112771837,2513.999686046523,590.252267271502,1876.7256806024063
Bogotá,A,Posgrado,26.0,,1806.2154609487689,578.4383869495493,2322.1218051339415
Medellín,A,Universitario,29.0,2621.5629461348494,,,1062.5403777906047
Medellín,C,Universitario,26.0,2663.7473804582874,1676.727895239203,691.9019531766814,813.8603107469154
Bogotá,A,Posgrado,24.0,3503.034150226569,1760.2964043048112,683.3899800299051,1665.3050981991696
Bogotá,B,Universitario,57.0,4623.784919796117,1713.8673691356173,624.4540402774226,
Barranquilla,C,Posgrado,42.0,2852.0229328468713,1235.3628566399464,583.2464052186817,1630.9944128272796
Barranquilla,B,Universitario,60.0,5283.9014267328785,2514.888135494238,633.1330982187752,2808.0677732670742
Medellín,C,Universitario,21.0,3518.279807085527,,533.1898943322725,1444.1346295073208
Barranquilla,A,Secundaria,60.0,5111.121088538443,2731.539314419451,664.8355530537423,2241.4766741666567
Medellín,B,Universitario,64.0,4834.013677460686,2457.7307283810947,603.167366004221,2320.755841710957
Cartagena,,,66.0,4849.121557876618,2385.7424168642515,,2880.9027018606903
Medellín,B,Posgrado,31.0,2367.35626410888,923.0838679499017,758.0668524719331,1378.8425131394947
Cali,B,Técnico,43.0,4870.822996305604,2847.999605510533,627.6224747852339,1911.0010063598945
Bogotá,C,Secundaria,48.0,4293.992641908597,2107.1451977802494,581.0161091530589,2189.4232055552593
Bogotá,B,Posgrado,36.0,3129.55748795632,1131.5191709950705,612.4560181238874,2222.5015904652387
Medellín,B,Universitario,45.0,2702.386805300158,,641.9889313827575,1480.9057319613153
Bogotá,B,Técnico,31.0,3066.7582999660235,1278.2478454938025,582.005608502293,
Bogotá,B,Universitario,18.0,1862.4519618981374,875.7484381469865,603.7449200757912,1024.3962073030393
Cali,B,,43.0,3461.2940659469846,,459.714674712913,2437.8856620502947
Medellín,C,Universitario,19.0,2156.3796084781543,,509.07896320693396,1528.1188933559538
Cali,B,Universitario,46.0,3257.0682437835244,2032.7276712060836,538.4294104363111,1013.0255715193874
Cali,B,Secundaria,29.0,3688.9666886718364,2064.0125050722118,,
Medellín,A,Técnico,54.0,4918.853479532091,2450.3765409618727,556.0504782369032,2492.000460629422
Cali,B,Universitario,42.0,2697.8334600586413,717.4477131293428,479.3415559774859,1883.725292685578
Bogotá,A,Secundaria,55.0,4397.84628861797,1504.2884257617088,659.2697985272913,2895.8876978405997
Medellín,A,Secundaria,41.0,3012.3442988154015,1687.7486760148342,706.9726389048799,1284.6184333890458
Cartagena,B,Universitario,59.0,3642.857947427874,1460.041194652183,605.9524715918303,2323.9021907780902
Cartagena,A,Secundaria,26.0,2613.950230886616,1292.291593403733,672.5192121320279,1331.8093290026218
Cartagena,C,Técnico,47.0,4286.307690706813,2167.4058500511946,,2058.1095404410944
Medellín,B,Secundaria,42.0,3333.732125527606,1847.633716639869,556.4592330112617,1578.438446270882
Medellín,B,Universitario,23.0,,,569.0174983675054,952.2711729054764
Cartagena,,Secundaria,26.0,3594.439474269717,1340.5812258815752,757.0192844312396,2603.8551141686703
Cali,A,Universitario,53.0,4120.268605950213,1999.1813275952072,,1859.3638157894036
Bogotá,B,Secundaria,67.0,4691.132375107496,2561.7429421742195,629.1716016487693,2073.502087261097
Bogotá,B,Secundaria,25.0,2398.8085281565054,955.0518295153718,575.0600363052454,1621.4312993194299
Medellín,B,Secundaria,41.0,4176.36589775769,2318.938199223317,559.3506848753424,1989.9749699860188
Bogotá,,Secundaria,61.0,4857.001369077765,3177.5431055009885,539.5901203664794,1901.0150752293073
Barranquilla,B,Universitario,46.0,3154.894317401975,,524.4120860770173,1585.9801041078374
Barranquilla,C,,24.0,3237.702302639833,1514.81244625156,566.2911758771468,1790.4373532767095
Medellín,B,Universitario,35.0,3230.4336372584457,1352.834093623878,598.9921027788777,1967.8377552562824
Cali,B,Secundaria,34.0,,1125.4557697907676,508.4910176042403,1826.4691116207591
Bogotá,B,Posgrado,68.0,5224.979185270641,2140.5295991674598,650.6590345133789,3063.673537337042
Cali,A,Técnico,51.0,4860.221742939962,2492.4533004906025,536.2804674434881,2359.4120211915324
Cartagena,B,Técnico,58.0,3795.2425619645724,2153.790733761306,511.862553387141,1899.0910850156777
Medellín,B,Técnico,48.0,3558.863288900597,1556.8978735648336,635.9033409297699,2066.59893475651
Bogotá,B,Secundaria,64.0,4077.38583445376,1909.2672020705734,537.2998678649931,1958.8302462911013
Bogotá,B,Técnico,38.0,2622.6708836406046,1219.5941190384563,498.9153789988744,1445.6519734316403
Cali,B,Secundaria,54.0,4104.625934510511,1805.0766481293276,596.5181745630073,2616.0590277689826
Bogotá,A,Técnico,22.0,3057.9244774657327,,499.28374645974077,1620.1838935483247
Bogotá,A,Universitario,41.0,2532.4039341699345,1482.1828078655576,511.7815497308661,976.9742299757245
Bogotá,C,Secundaria,46.0,2758.781084110834,1441.4124260536908,604.7663212091727,1475.9642027609775
Cali,C,Secundaria,38.0,,,,1619.1910999455283
Cartagena,C,Técnico,25.0,2741.5288548192148,,648.9044698469388,1264.2031350638338
Bogotá,C,Secundaria,53.0,4471.857799172179,2975.1303298491407,571.7634956940074,1652.0023693992903
Cali,B,Secundaria,44.0,3693.862927458499,1319.7217757293824,539.410040021209,2234.557149009952
Barranquilla,,,34.0,3584.9471977148146,1705.1409021905808,545.365291081669,1921.5268890358004
Barranquilla,C,Técnico,50.0,4534.211049639572,,579.6223436058546,2154.899674247792
Barranquilla,A,Universitario,65.0,5431.758220510154,2106.8350404526536,582.7329459057324,3091.428042820643
Cali,B,Posgrado,44.0,4292.0154134247605,2445.219121734952,579.6455985698559,1964.1543641692695
Cartagena,B,Posgrado,53.0,4924.375517210582,2811.07824788715,644.009493410744,2203.997820809425
Cartagena,C,Secundaria,61.0,4237.172230738477,2106.86299925697,743.3639252121376,
Bogotá,B,Universitario,63.0,4342.730378036457,2567.9579923068636,739.5897834761543,1716.4503159788198
Barranquilla,,Universitario,31.0,2117.349313132748,1340.7483778612527,549.8568536108796,509.46292996955765
Cali,A,Técnico,58.0,4207.685674385245,1727.8351805633636,554.0304591264024,2407.8623333326746
Cartagena,B,Secundaria,37.0,2856.8551928221696,1328.8153234443457,513.9153685548098,1310.5659214132506
Bogotá,A,Técnico,46.0,2316.7379361136905,1242.5622909917456,544.8159200689057,883.5528654279999
Medellín,A,Técnico,22.0,2516.103149136091,803.7114469070013,522.5721961752456,1499.1273381978722
Barranquilla,,Universitario,50.0,3643.6808831039766,1279.9655985779325,532.3718556536204,2316.8494683081503
Cali,,Técnico,38.0,3739.2202440524593,1624.8504133583888,521.2084514785377,2122.098924382719
Cartagena,C,Universitario,31.0,2478.440219233399,,623.770791413874,983.6404397445335
Medellín,C,Secundaria,50.0,,,,2605.442585439138
Medellín,A,Secundaria,66.0,3837.6842594080867,2254.904027680817,,1883.1322150892615
Barranquilla,B,,46.0,3602.366418959757,2028.5428671440022,593.9030292327567,
Barranquilla,B,Secundaria,67.0,,1757.1832905580109,695.5496774249457,2418.624403416903
Bogotá,A,Técnico,18.0,,,457.6915002448055,1154.218671286525
Cali,B,Posgrado,65.0,4556.47872466123,2701.81530655768,,1699.3747355041332
Bogotá,A,Universitario,42.0,2701.7573230243033,1443.225055465681,523.9078636003186,1128.4237771651513
Cali,C,Universitario,57.0,3909.006787176113,2203.2721422411805,641.3564983673772,1674.93819801554
Cali,B,Universitario,69.0,5340.191165405707,2262.644565274778,432.06979367935855,3030.6831718605176
Bogotá,A,Universitario,48.0,4824.180594997059,2134.6362279026584,534.9219826630058,2649.2959791553317
Bogotá,B,Secundaria,53.0,3180.851488821473,1873.6671808422625,518.8239659087081,1347.7416636308824
